"","Nest_ID","NoFNstl","NoMNstl","Initiation_date","Year_located","Project_ID","Transect_ID2","Init_day","transect"
"1","EMFWOR_NCAMC1-01A_2017",1,1,"2017-05-23",2017,"EMFWOR","EMFWOR_CAMC1",143,"EMFWOR_NCAMC1"
"2","EMFWOR_NCAMC1-02A_2018",1,1,"2018-05-28",2018,"EMFWOR","EMFWOR_CAMC1",148,"EMFWOR_NCAMC1"
"3","EMFWOR_NCAMC1-09A_2018",2,1,"2018-05-17",2018,"EMFWOR","EMFWOR_CAMC1",137,"EMFWOR_NCAMC1"
"4","EMFWOR_NCAMC1-10A_2017",0,3,"2017-05-14",2017,"EMFWOR","EMFWOR_CAMC1",134,"EMFWOR_NCAMC1"
"5","EMFWOR_NCAMC1-10A_2020",0,2,"2020-06-23",2020,"EMFWOR","EMFWOR_CAMC1",175,"EMFWOR_NCAMC1"
"6","EMFWOR_NCAMC2-10A_2018",0,2,"2018-05-23",2018,"EMFWOR","EMFWOR_CAMC2",143,"EMFWOR_NCAMC2"
"7","EMFWOR_NCAMC3-08A_2018",1,3,"2018-05-20",2018,"EMFWOR","EMFWOR_CAMC3",140,"EMFWOR_NCAMC3"
"8","EMFWOR_NCAMC3-08A_2020",0,1,"2020-05-25",2020,"EMFWOR","EMFWOR_CAMC3",146,"EMFWOR_NCAMC3"
"9","EMFWOR_NCAMC4-01A_2018",0,1,"2018-06-03",2018,"EMFWOR","EMFWOR_CAMC4",154,"EMFWOR_NCAMC4"
"10","EMFWOR_NCAMC4-07A_2018",1,1,"2018-05-23",2018,"EMFWOR","EMFWOR_CAMC4",143,"EMFWOR_NCAMC4"
"11","EMFWOR_NCAMC4-07A_2019",1,0,"2019-05-26",2019,"EMFWOR","EMFWOR_CAMC4",146,"EMFWOR_NCAMC4"
"12","EMFWOR_NCAMC4-10A_2018",0,1,"2018-05-22",2018,"EMFWOR","EMFWOR_CAMC4",142,"EMFWOR_NCAMC4"
"13","EMFWOR_NCAMC4-10B_2018",0,1,"2018-05-22",2018,"EMFWOR","EMFWOR_CAMC4",142,"EMFWOR_NCAMC4"
"14","EMFWOR_NCAMC5-01A_2018",1,2,"2018-05-20",2018,"EMFWOR","EMFWOR_CAMC5",140,"EMFWOR_NCAMC5"
"15","EMFWOR_NCAMC6-03A_2023",1,1,"2023-06-04",2023,"EMFWOR","EMFWOR_CAMC6",155,"EMFWOR_NCAMC6"
"16","EMFWOR_NCAMC7-06A_2018",2,2,"2018-05-28",2018,"EMFWOR","EMFWOR_CAMC7",148,"EMFWOR_NCAMC7"
"17","EMFWOR_NCAMC7-06A_2020",1,1,"2020-05-24",2020,"EMFWOR","EMFWOR_CAMC7",145,"EMFWOR_NCAMC7"
"18","EMFWOR_NCAMC8-06A_2023",1,1,"2023-06-03",2023,"EMFWOR","EMFWOR_CAMC8",154,"EMFWOR_NCAMC8"
"19","EMFWOR_NCAMC8-07A_2017",2,1,"2017-05-22",2017,"EMFWOR","EMFWOR_CAMC8",142,"EMFWOR_NCAMC8"
"20","EMFWOR_NCAMC8-07A_2018",1,1,"2018-05-23",2018,"EMFWOR","EMFWOR_CAMC8",143,"EMFWOR_NCAMC8"
"21","EMFWOR_NCAMC8-09A_2019",1,1,"2019-06-23",2019,"EMFWOR","EMFWOR_CAMC8",174,"EMFWOR_NCAMC8"
"22","EMFWOR_NCAMC8-09A_2020",1,1,"2020-06-01",2020,"EMFWOR","EMFWOR_CAMC8",153,"EMFWOR_NCAMC8"
"23","EMFWOR_NLFTT2-01A_2017",2,1,"2017-06-05",2017,"EMFWOR","EMFWOR_LFTT2",156,"EMFWOR_NLFTT2"
"24","EMFWOR_NLFTT2-01A_2018",0,3,"2018-05-30",2018,"EMFWOR","38",150,"EMFWOR_NLFTT2"
"25","EMFWOR_NLFTT2-01B_2018",2,2,"2018-06-06",2018,"EMFWOR","EMFWOR_LFTT2",157,"EMFWOR_NLFTT2"
"26","EMFWOR_NLILT1-07A_2019",1,1,"2019-06-16",2019,"EMFWOR","EMFWOR_LILT1",167,"EMFWOR_NLILT1"
"27","EMFWOR_NLILT1-07A_2020",0,2,"2020-06-14",2020,"EMFWOR","EMFWOR_LILT1",166,"EMFWOR_NLILT1"
"28","EMFWOR_NLILT1-08A_2021",1,2,"2021-06-12",2021,"EMFWOR","EMFWOR_LILT1",163,"EMFWOR_NLILT1"
"29","EMFWOR_NLILT3-04A_2023",1,2,"2023-06-03",2023,"EMFWOR","EMFWOR_LILT3",154,"EMFWOR_NLILT3"
"30","EMFWOR_NLILT3-10A_2017",1,2,"2017-06-02",2017,"EMFWOR","EMFWOR_LILT3",153,"EMFWOR_NLILT3"
"31","EMFWOR_NLILT3-10A_2018",1,2,"2018-05-30",2018,"EMFWOR","EMFWOR_LILT3",150,"EMFWOR_NLILT3"
"32","EMFWOR_NMUDT1-05A_2020",1,1,"2020-06-13",2020,"EMFWOR","EMFWOR_MUDT1",165,"EMFWOR_NMUDT1"
"33","EMFWOR_NSWRC2-09A_2017",1,2,"2017-05-27",2017,"EMFWOR","EMFWOR_SWRC2",147,"EMFWOR_NSWRC2"
"34","EMFWOR_NSWRC2-09A_2018",2,2,"2018-05-19",2018,"EMFWOR","EMFWOR_SWRC2",139,"EMFWOR_NSWRC2"
"35","EMFWOR_NSWRC2-10A_2023",1,0,"2023-06-15",2023,"EMFWOR","EMFWOR_SWRC2",166,"EMFWOR_NSWRC2"
"36","EMFWOR_NSWRC3-03A_2019",1,1,"2019-06-05",2019,"EMFWOR","EMFWOR_SWRC3",156,"EMFWOR_NSWRC3"
"37","EMFWOR_NSWRC3-03A_2020",0,2,"2020-05-29",2020,"EMFWOR","EMFWOR_SWRC3",150,"EMFWOR_NSWRC3"
"38","EMFWOR_NSWRC3-03B_2018",0,2,"2018-06-14",2018,"EMFWOR","EMFWOR_SWRC3",165,"EMFWOR_NSWRC3"
"39","EMFWOR_NSWRC3-04A_2016",1,2,"2016-06-01",2016,"EMFWOR","EMFWOR_SWRC3",153,"EMFWOR_NSWRC3"
"40","EMFWOR_NSWRC3-04A_2018",1,2,"2018-05-22",2018,"EMFWOR","EMFWOR_SWRC3",142,"EMFWOR_NSWRC3"
"41","EMFWOR_NSWRC3-04A_2020",0,1,"2020-06-05",2020,"EMFWOR","EMFWOR_SWRC3",157,"EMFWOR_NSWRC3"
"42","EMFWOR_NSWRC3-05A_2023",0,3,"2023-05-25",2023,"EMFWOR","EMFWOR_SWRC3",145,"EMFWOR_NSWRC3"
"43","EMFWOR_NSWRC3-09A_2019",1,1,"2019-05-24",2019,"EMFWOR","EMFWOR_SWRC3",144,"EMFWOR_NSWRC3"
"44","EMMAOR_NCLIFFC1-07A_2019",1,0,"2019-05-25",2019,"EMMAOR","EMMAOR_CLIFFC1",145,"EMMAOR_NCLIFFC1"
"45","EMMAOR_NCLIFFC1-08A_2017",0,2,"2017-05-29",2017,"EMMAOR","EMMAOR_CLIFFC1",149,"EMMAOR_NCLIFFC1"
"46","EMMAOR_NCLIFFC1-08A_2019",1,1,"2019-06-02",2019,"EMMAOR","EMMAOR_CLIFFC1",153,"EMMAOR_NCLIFFC1"
"47","EMMAOR_NCLIFFC1-08B_2017",2,0,"2017-05-25",2017,"EMMAOR","EMMAOR_CLIFFC1",145,"EMMAOR_NCLIFFC1"
"48","EMMAOR_NCLIFFC2-04A_2017",2,0,"2017-05-26",2017,"EMMAOR","EMMAOR_CLIFFC2",146,"EMMAOR_NCLIFFC2"
"49","EMMAOR_NCLIFFC2-06A_2019",0,2,"2019-05-24",2019,"EMMAOR","EMMAOR_CLIFFC2",144,"EMMAOR_NCLIFFC2"
"50","EMMAOR_NCLIFFC2-08A_2019",0,3,"2019-05-19",2019,"EMMAOR","EMMAOR_CLIFFC2",139,"EMMAOR_NCLIFFC2"
"51","EMMAOR_NCLIFFC2-10A_2017",2,1,"2017-05-21",2017,"EMMAOR","EMMAOR_CLIFFC2",141,"EMMAOR_NCLIFFC2"
"52","EMMAOR_NCUBT2-02A_2021",0,3,"2021-05-19",2021,"EMMAOR","EMMAOR_CUBT2",139,"EMMAOR_NCUBT2"
"53","EMMAOR_NCUBT2-08A_2019",1,1,"2019-05-24",2019,"EMMAOR","EMMAOR_CUBT2",144,"EMMAOR_NCUBT2"
"54","EMMAOR_NCUBT2-10A_2017",1,1,"2017-05-27",2017,"EMMAOR","EMMAOR_CUBT2",147,"EMMAOR_NCUBT2"
"55","EMMAOR_NCUBT2-10A_2021",1,2,"2021-05-24",2021,"EMMAOR","EMMAOR_CUBT2",144,"EMMAOR_NCUBT2"
"56","EMMAOR_NDUGC1-01A_2016",1,2,"2016-05-22",2016,"EMMAOR","EMMAOR_DUGC1",143,"EMMAOR_NDUGC1"
"57","EMMAOR_NDUGC1-01A_2017",1,1,"2017-05-18",2017,"EMMAOR","EMMAOR_DUGC1",138,"EMMAOR_NDUGC1"
"58","EMMAOR_NDUGC1-05A_2017",1,2,"2017-05-27",2017,"EMMAOR","EMMAOR_DUGC1",147,"EMMAOR_NDUGC1"
"59","EMMAOR_NDUGC1-06B_2017",2,1,"2017-05-19",2017,"EMMAOR","95",139,"EMMAOR_NDUGC1"
"60","EMMAOR_NDUGC1-10A_2016",1,2,"2016-06-11",2016,"EMMAOR","EMMAOR_DUGC1",163,"EMMAOR_NDUGC1"
"61","EMMAOR_NELKT2-02A_2021",2,1,"2021-05-28",2021,"EMMAOR","EMMAOR_ELKT2",148,"EMMAOR_NELKT2"
"62","EMMAOR_NELKT2-04A_2016",1,2,"2016-05-27",2016,"EMMAOR","104",148,"EMMAOR_NELKT2"
"63","EMMAOR_NELKT2-04A_2017",1,2,"2017-05-21",2017,"EMMAOR","105",141,"EMMAOR_NELKT2"
"64","EMMAOR_NELKT2-05A_2019",1,2,"2019-05-25",2019,"EMMAOR","EMMAOR_ELKT2",145,"EMMAOR_NELKT2"
"65","EMMAOR_NELKT2-06A_2017",2,1,"2017-05-17",2017,"EMMAOR","EMMAOR_ELKT2",137,"EMMAOR_NELKT2"
"66","EMMAOR_NELKT2-07A_2021",0,2,"2021-05-28",2021,"EMMAOR","EMMAOR_ELKT2",148,"EMMAOR_NELKT2"
"67","EMMAOR_NELKT2-10A_2019",1,1,"2019-05-29",2019,"EMMAOR","EMMAOR_ELKT2",149,"EMMAOR_NELKT2"
"68","EMMAOR_NELKT3-01A_2017",1,2,"2017-05-26",2017,"EMMAOR","EMMAOR_ELKT3",146,"EMMAOR_NELKT3"
"69","EMMAOR_NELKT3-08A_2021",0,3,"2021-06-08",2021,"EMMAOR","EMMAOR_ELKT3",159,"EMMAOR_NELKT3"
"70","EMMAOR_NFLAGC1-05A_2019",2,1,"2019-05-30",2019,"EMMAOR","EMMAOR_FLAGC1",150,"EMMAOR_NFLAGC1"
"71","EMMAOR_NFLAGC1-06A_2017",2,1,"2017-05-25",2017,"EMMAOR","EMMAOR_FLAGC1",145,"EMMAOR_NFLAGC1"
"72","EMMAOR_NFLAGC2-03A_2019",1,1,"2019-06-05",2019,"EMMAOR","EMMAOR_FLAGC2",156,"EMMAOR_NFLAGC2"
"73","EMMAOR_NMDC1-07A_2017",2,2,"2017-05-21",2017,"EMMAOR","EMMAOR_MDC1",141,"EMMAOR_NMDC1"
"74","EMMAOR_NPAWT1-03A_2016",1,1,"2016-06-03",2016,"EMMAOR","EMMAOR_PAWT1",155,"EMMAOR_NPAWT1"
"75","EMMAOR_NPAWT1-03A_2021",2,1,"2021-05-28",2021,"EMMAOR","EMMAOR_PAWT1",148,"EMMAOR_NPAWT1"
"76","EMMAOR_NPAWT1-05A_2019",2,0,"2019-05-25",2019,"EMMAOR","EMMAOR_PAWT1",145,"EMMAOR_NPAWT1"
"77","EMMAOR_NPAWT1-05A_2021",0,3,"2021-05-25",2021,"EMMAOR","EMMAOR_PAWT1",145,"EMMAOR_NPAWT1"
"78","EMMAOR_NPAWT1-08A_2021",3,1,"2021-06-04",2021,"EMMAOR","EMMAOR_PAWT1",155,"EMMAOR_NPAWT1"
"79","EMMAOR_NPAWT1-09A_2019",2,0,"2019-05-17",2019,"EMMAOR","EMMAOR_PAWT1",137,"EMMAOR_NPAWT1"
"80","EMMAOR_NPRONGC1-01A_2019",1,2,"2019-05-20",2019,"EMMAOR","143",140,"EMMAOR_NPRONGC1"
"81","EMMAOR_NRATT1-03A_2017",1,2,"2017-05-30",2017,"EMMAOR","EMMAOR_RATT1",150,"EMMAOR_NRATT1"
"82","EMMAOR_NRATT1-10A_2016",0,2,"2016-05-27",2016,"EMMAOR","EMMAOR_RATT1",148,"EMMAOR_NRATT1"
"83","EMMAOR_NRATT1-10A_2017",1,0,"2017-05-26",2017,"EMMAOR","EMMAOR_RATT1",146,"EMMAOR_NRATT1"
"84","EMMAOR_NRATT2-10A_2017",2,1,"2017-05-27",2017,"EMMAOR","EMMAOR_RATT2",147,"EMMAOR_NRATT2"
"85","EMMAOR_NSAGEC1-08A_2019",1,2,"2019-06-06",2019,"EMMAOR","EMMAOR_SAGEC1",157,"EMMAOR_NSAGEC1"
"86","EMMAOR_NSAGEC1-09A_2019",2,1,"2019-05-18",2019,"EMMAOR","EMMAOR_SAGEC1",138,"EMMAOR_NSAGEC1"
"87","EMMAOR_NSAGEC1-10A_2019",0,2,"2019-05-20",2019,"EMMAOR","EMMAOR_SAGEC1",140,"EMMAOR_NSAGEC1"
"88","EMMAOR_NUPCA1-04A_2017",0,3,"2017-05-23",2017,"EMMAOR","EMMAOR_UPCA1",143,"EMMAOR_NUPCA1"
"89","EMMAOR_NUPCA1-05A_2017",3,0,"2017-05-22",2017,"EMMAOR","EMMAOR_UPCA1",142,"EMMAOR_NUPCA1"
"90","EMMAOR_NUPCA1-08A_2017",1,2,"2017-05-22",2017,"EMMAOR","EMMAOR_UPCA1",142,"EMMAOR_NUPCA1"
"91","EMMAOR_NUPCB1-04A_2017",0,2,"2017-05-24",2017,"EMMAOR","EMMAOR_UPCB1",144,"EMMAOR_NUPCB1"
"92","EMMAOR_NUPCB1-07A_2017",0,2,"2017-06-01",2017,"EMMAOR","EMMAOR_UPCB1",152,"EMMAOR_NUPCB1"
"93","EMMAOR_NUPCB1-07A_2019",0,3,"2019-05-30",2019,"EMMAOR","EMMAOR_UPCB1",150,"EMMAOR_NUPCB1"
"94","EMMAOR_NWOLFC1-01A_2017",1,2,"2017-05-25",2017,"EMMAOR","EMMAOR_WOLFC1",145,"EMMAOR_NWOLFC1"
"95","EMMAOR_NWOLFC1-01A_2019",1,2,"2019-05-22",2019,"EMMAOR","EMMAOR_WOLFC1",142,"EMMAOR_NWOLFC1"
"96","EMMAOR_NWOLFC1-08A_2019",2,1,"2019-05-17",2019,"EMMAOR","EMMAOR_WOLFC1",137,"EMMAOR_NWOLFC1"
"97","EMMAOR_NWOLFC2-01A_2017",0,3,"2017-05-23",2017,"EMMAOR","EMMAOR_WOLFC2",143,"EMMAOR_NWOLFC2"
"98","EMMAOR_NWOLFC2-08A_2017",0,1,"2017-05-21",2017,"EMMAOR","EMMAOR_WOLFC2",141,"EMMAOR_NWOLFC2"
"99","EMMAOR_NWOLFTA3-09A_2017",1,2,"2017-06-02",2017,"EMMAOR","EMMAOR_WOLFTA3",153,"EMMAOR_NWOLFTA3"
"100","EMPAID_N1WS05A_2013",2,0,"2013-06-27",2013,"EMPAID","EMPAID_1WS",178,"EMPAID_N1W"
"101","EMPAID_N1WS06A_2019",0,1,"2019-05-31",2019,"EMPAID","EMPAID_1WS",151,"EMPAID_N1W"
"102","EMPAID_N1WS07A_2018",1,2,"2018-05-28",2018,"EMPAID","EMPAID_1WS",148,"EMPAID_N1W"
"103","EMPAID_N1WS07A_2019",1,2,"2019-05-27",2019,"EMPAID","EMPAID_1WS",147,"EMPAID_N1W"
"104","EMPAID_N1WS09A_2018",1,1,"2018-05-29",2018,"EMPAID","EMPAID_1WS",149,"EMPAID_N1W"
"105","EMPAID_NBR01A_2018",2,1,"2018-05-26",2018,"EMPAID","EMPAID_BR",146,"EMPAID_NB"
"106","EMPAID_NBR04A_2013",2,2,"2013-06-12",2013,"EMPAID","EMPAID_BR",163,"EMPAID_NB"
"107","EMPAID_NB-T01A_2018",1,2,"2018-05-25",2018,"EMPAID","EMPAID_B-T",145,"EMPAID_NB-"
"108","EMPAID_NB-T01A_2019",0,3,"2019-05-23",2019,"EMPAID","EMPAID_B-T",143,"EMPAID_NB-"
"109","EMPAID_NB-T10A_2013",0,1,"2013-06-01",2013,"EMPAID","EMPAID_B-T",152,"EMPAID_NB-"
"110","EMPAID_NB-T10A_2018",1,2,"2018-05-29",2018,"EMPAID","EMPAID_B-T",149,"EMPAID_NB-"
"111","EMPAID_NB-U01A_2013",1,3,"2013-06-05",2013,"EMPAID","EMPAID_B-U",156,"EMPAID_NB-"
"112","EMPAID_NCC02A_2019",1,0,"2019-06-05",2019,"EMPAID","227",156,"EMPAID_NC"
"113","EMPAID_NCU04A_2013",2,1,"2013-06-07",2013,"EMPAID","EMPAID_CU",158,"EMPAID_NC"
"114","EMPAID_NCU10A_2013",1,1,"2013-05-22",2013,"EMPAID","EMPAID_CU",142,"EMPAID_NC"
"115","EMPAID_NCU10A_2018",0,1,"2018-06-20",2018,"EMPAID","245",171,"EMPAID_NC"
"116","EMPAID_NCW-A02A_2019",1,1,"2019-05-25",2019,"EMPAID","EMPAID_CW-A",145,"EMPAID_NCW-"
"117","EMPAID_NCW-A04A_2019",1,2,"2019-06-05",2019,"EMPAID","EMPAID_CW-A",156,"EMPAID_NCW-"
"118","EMPAID_NCW-A05A_2017",0,1,"2017-06-05",2017,"EMPAID","EMPAID_CW-A",156,"EMPAID_NCW-"
"119","EMPAID_NCW-A07A_2018",1,3,"2018-05-29",2018,"EMPAID","EMPAID_CW-A",149,"EMPAID_NCW-"
"120","EMPAID_NCW-A07A_2019",1,2,"2019-06-03",2019,"EMPAID","EMPAID_CW-A",154,"EMPAID_NCW-"
"121","EMPAID_NCW-B02A_2019",1,2,"2019-06-01",2019,"EMPAID","EMPAID_CW-B",152,"EMPAID_NCW-"
"122","EMPAID_NCW-B04A_2018",1,1,"2018-06-07",2018,"EMPAID","EMPAID_CW-B",158,"EMPAID_NCW-"
"123","EMPAID_NCW-D09A_2013",0,2,"2013-06-28",2013,"EMPAID","EMPAID_CW-D",179,"EMPAID_NCW-"
"124","EMPAID_NCW-G02A_2019",1,0,"2019-05-22",2019,"EMPAID","EMPAID_CW-G",142,"EMPAID_NCW-"
"125","EMPAID_NDL04A_2018",1,1,"2018-05-29",2018,"EMPAID","EMPAID_DL",149,"EMPAID_ND"
"126","EMPAID_NDL08A_2015",1,2,"2015-05-24",2015,"EMPAID","EMPAID_DL",144,"EMPAID_ND"
"127","EMPAID_NEFW01A_2018",1,2,"2018-05-27",2018,"EMPAID","286",147,"EMPAID_NEF"
"128","EMPAID_NLC04A_2013",0,3,"2013-06-04",2013,"EMPAID","EMPAID_LC",155,"EMPAID_NL"
"129","EMPAID_NLC05A_2015",1,2,"2015-05-30",2015,"EMPAID","EMPAID_LC",150,"EMPAID_NL"
"130","EMPAID_NLC-R09A_2014",0,2,"2014-06-06",2014,"EMPAID","EMPAID_LC-R",157,"EMPAID_NLC-"
"131","EMPAID_NPM09A_2013",1,1,"2013-06-08",2013,"EMPAID","293",159,"EMPAID_NP"
"132","EMPAID_NSF04A_2012",2,1,"2012-05-30",2012,"EMPAID","297",151,"EMPAID_NS"
"133","EMPAID_NSF08A_2013",0,2,"2013-06-12",2013,"EMPAID","EMPAID_SF",163,"EMPAID_NS"
"134","EMPAID_NSG09A_2015",1,1,"2015-06-12",2015,"EMPAID","308",163,"EMPAID_NS"
"135","EMPAID_NSG10A_2014",0,1,"2014-06-01",2014,"EMPAID","311",152,"EMPAID_NS"
"136","EMPAID_NSG10A_2019",1,2,"2019-05-31",2019,"EMPAID","315",151,"EMPAID_NS"
"137","EMPAID_NWM03A_2014",1,1,"2014-05-28",2014,"EMPAID","317",148,"EMPAID_NW"
"138","EMPAID_NWM03A_2018",2,2,"2018-05-26",2018,"EMPAID","321",146,"EMPAID_NW"
"139","EMPAID_NWM03A_2019",0,1,"2019-06-08",2019,"EMPAID","322",159,"EMPAID_NW"
"140","EMPAID_NWRF-M08A_2019",1,1,"2019-06-05",2019,"EMPAID","EMPAID_WRF-M",156,"EMPAID_NWRF-"
"141","EMPAID_NWRF-M09A_2018",0,3,"2018-06-10",2018,"EMPAID","EMPAID_WRF-M",161,"EMPAID_NWRF-"
