Year_located,Date_located,Project_ID,Species,1st_Observer,Nest_ID,Cavity_ID,Nest_Trt,Transect_ID,Point_ID,Direction,Distance,UTM_E,UTM_N,UTM_datum_zone,Nest_Ht,Cavity_age,Decay_class,Tree_Snag_Log,Tree_sp,Tree_ht,DBH,Orientation,Aspect,Slope,Comments
2013,5/17/13,EM_BarryPt,WHWO,JGD,EMBP_NDM-A01_2013,NDM-A01,W,EMBP_DM-A,EMBP_DM-A001,311,26,689183.91,4664059.863,NAD83 10N,6.8,N,1,S,JUOC,11.2,69,157,180,6.5,aspect is general estimate (recorded as S)
2013,6/11/13,EM_BarryPt,WHWO,DJH,EMBP_NDM-A02_2013,NDM-A02,W,EMBP_DM-A,EMBP_DM-A016,346,15,688945.848,4665956.789,NAD83 10N,2.8,O,2,S,PIPO,3.3,36,144,100,8.8,
2013,6/11/13,EM_BarryPt,BBWO,DJH,EMBP_NDM-B01_2013,NDM-B01,W,EMBP_DM-B,EMBP_DM-B020,204,18,689308.064,4666182.668,NAD83 10N,0.5,N,2,S,PICO,10.1,28,42,164,11.3,
2013,6/14/13,EM_BarryPt,WHWO,RLM,EMBP_NDM-B02_2013,NDM-B02,W,EMBP_DM-B,EMBP_DM-B042,39,45,689320.291,4664961.908,NAD83 10N,4.9,N,3,S,PIPO,13.9,79,253,45,6,
2013,4/26/13,EM_BarryPt,BBWO,JFH,EMBP_NDM-C01_2013,NDM-C01,W,EMBP_DM-C,EMBP_DM-C070,214,31,689692.205,4663428.768,NAD83 10N,14.7,N,2,S,CEDO,16.7,31.9,33,76,10.7,
2013,5/31/13,EM_BarryPt,BBWO,JFH,EMBP_NDM-C02_2013,NDM-C02,W,EMBP_DM-C,EMBP_DM-C099,214,25,689559.83,4665623.177,NAD83 10N,2.5,N,1,S,PIPO,16.8,29,40,0,6.8,aspect is general estimate (recorded as N)
2013,5/6/13,EM_BarryPt,WHWO,RLM,EMBP_NDM-E01_2013,NDM-E01,W,EMBP_DM-E,EMBP_DM-E180,340,20,689939.719,4664624.243,NAD83 10N,6.5,N,2,S,ABCO,11.4,31,160,70,23.8,
2013,6/4/13,EM_BarryPt,WHWO,RLM,EMBP_NDM-I01_2013,NDM-I01,W,EMBP_DM-I,EMBP_DM-I288,18,30,690806.547,4664203.73,NAD83 10N,18.3,U,1,S,PIPO,28.8,93.9,241,104,15.3,
2013,6/6/13,EM_BarryPt,WHWO,RLM,EMBP_NFC-B01_2013,NFC-B01,W,EMBP_FC-B,EMBP_FC-B036,78,59,691297.961,4656124.031,NAD83 10N,2.5,N,4,S,ABCO,3.4,37,188,94,14.6,
2013,6/12/13,EM_BarryPt,WHWO,JFH,EMBP_NFC-C01_2013,NFC-C01,W,EMBP_FC-C,EMBP_FC-C037,260,36,691385.658,4654805.695,NAD83 10N,2.4,N,1,S,JUOC,17.4,58,58,282,17.5,
2013,4/24/13,EM_BarryPt,WHWO,JGD,EMBP_NFC-G01_2013,NFC-G01,W,EMBP_FC-G,EMBP_FC-G110,245,45,692263.621,4655269.805,NAD83 10N,6.4,N,2,S,JUOC,19,63.4,66,224,8.8,
2013,5/24/13,EM_BarryPt,BBWO,DJH,EMBP_NLHC-A01_2013,NLHC-A01,W,EMBP_LHC-A,EMBP_LHC-A007,10,20,692979.253,4660994.885,NAD83 10N,4.8,N,1,S,ABCO,15.8,22,202,20,14.1,
2013,6/10/13,EM_BarryPt,WHWO,DJH,EMBP_NLHC-B01_2013,NLHC-B01,W,EMBP_LHC-B,EMBP_LHC-B016,282,15,693162.371,4660598.349,NAD83 10N,1.5,N,1,T,JUOC,6.5,48,80,212,1,
2013,6/17/13,EM_BarryPt,WHWO,DJH,EMBP_NLHC-D01_2013,NLHC-D01,W,EMBP_LHC-D,EMBP_LHC-D060,180,20,693677.768,4659919.322,NAD83 10N,3.8,N,4,S,PIPO,4,91,358,198,9,
2013,5/15/13,EM_BarryPt,BBWO,JGD,EMBP_NLHC-G01_2013,NLHC-G01,W,EMBP_LHC-G,EMBP_LHC-G176,56,10,694211.92,4661597.213,NAD83 10N,4,N,1,S,CEDO,22,50,38,55,4.2,
2013,5/15/13,EM_BarryPt,WHWO,RLM,EMBP_NLHC-H01_2013,NLHC-H01,W,EMBP_LHC-H,EMBP_LHC-H194,190,35,694327.241,4660556.496,NAD83 10N,3.3,N,2,S,JUOC,13.1,45,1,230,7.2,
2013,6/10/13,EM_BarryPt,WHWO,RLM,EMBP_NLHC-H02_2013,NLHC-H02,W,EMBP_LHC-H,EMBP_LHC-H182,225,5,694328.748,4659787.263,NAD83 10N,2.5,N,2,S,JUOC,15.5,42,198,18,11.2,
2013,5/17/13,EM_BarryPt,BBWO,DJH,EMBP_NLHC-I01_2013,NLHC-I01,W,EMBP_LHC-I,EMBP_LHC-I233,170,12,694570.283,4661030.441,NAD83 10N,2.9,N,1,S,ABCO,14.3,26,350,312,1,
2013,6/17/13,EM_BarryPt,WHWO,RLM,EMBP_NLHC-L01_2013,NLHC-L01,W,EMBP_LHC-L,EMBP_LHC-L299,283,74,695195.829,4660778.465,NAD83 10N,3.1,O,1,S,PIPO,20.5,83,69,148,1,
2013,5/2/13,EM_BarryPt,WHWO,JFH,EMBP_NUHC-C01_2013,NUHC-C01,W,EMBP_UHC-C,EMBP_UHC-C068,75,10,696896.653,4663370.757,NAD83 10N,1.5,N,1,S,PIPO,15,93.8,235,130,26.3,
2013,6/6/13,EM_BarryPt,WHWO,JFH,EMBP_NUHC-F01_2013,NUHC-F01,W,EMBP_UHC-F,EMBP_UHC-F134,99,15,697458.472,4662804.3,NAD83 10N,2.8,N,1,S,PIPO,12,50.1,288,204,2,aspect is general estimate (recorded as SSW)
2013,6/6/13,EM_BarryPt,BBWO,JFH,EMBP_NUHC-L01_2013,NUHC-L01,W,EMBP_UHC-L,EMBP_UHC-L267,198,18,698685.315,4661851.719,NAD83 10N,1.4,N,1,S,CEDO,20.7,53,24,204,2,aspect is general estimate (recorded as SSW)
2013,5/7/13,EM_BarryPt,WHWO,DJH,EMBP_NYV-A01_2013,NYV-A01,W,EMBP_YV-A,EMBP_YV-A001,18,21,687290.079,4656894.161,NAD83 10N,2.5,N,2,S,ABCO,25.8,45,345,260,3.5,
2013,4/30/13,EM_BarryPt,WHWO,JFH,EMBP_NYV-E01_2013,NYV-E01,W,EMBP_YV-E,EMBP_YV-E060,121,10,688179.433,4657224.648,NAD83 10N,2.4,N,1,S,PIPO,18.8,57,301,270,2,aspect is general estimate (recorded as W)
2013,5/28/13,EM_BarryPt,WHWO,DJH,EMBP_NYV-G01_2013,NYV-G01,W,EMBP_YV-G,EMBP_YV-G085,176,40,688522.776,4656859.778,NAD83 10N,1.9,N,1,S,JUOC,9.3,44,346,176,2.8,
2013,6/5/13,EM_BarryPt,WHWO,DJH,EMBP_NYV-I01_2013,NYV-I01,W,EMBP_YV-I,EMBP_YV-I116,320,47,688942.098,4657503.571,NAD83 10N,1.5,N,3,S,PIPO,4.9,58,150,346,9,
2018,6/8/18,EM_PAID,WHWO,LIB,EMPAID_NWRF-M09A_2018,NWRF-M09A,HTB,EMPAID_WRF-M,EMPAID_M09,212,30,550469.074,4970091.851,NAD83 11N,4.3,N,2,S,PIPO,5,53.7,50,270,31.5,
2017,6/19/17,EM_PAID,WHWO,ENB,EMPAID_NCW-B03A_2017,NCW-B03A,HT,EMPAID_CW-B,EMPAID_B03,10,32,551836.1,4957548.659,NAD83 11N,3,N,3,S,PIPO,33.9,51.1,16,318,30,
2016,7/7/16,EM_FWOR,WHWO,NSD,EMFWOR_NSWRC2-09A_2016,NSWRC2-09A,U,EMFWOR_SWRC2,EMFWOR_SWRC2-09,83,40,735690.246,4659189.282,NAD83 10N,3.6,N,1,S,POTR5,14.5,22.7,258,245,29.9,
2017,6/22/17,EM_FWOR,WHWO,NNR,EMFWOR_NSWRC2-09A_2017,NSWRC2-09A,U,EMFWOR_SWRC2,EMFWOR_SWRC2-09,70,29,735690.246,4659189.282,NAD83 10N,3.6,O,1,S,POTR5,14.5,22.7,258,245,29.9,
2018,6/13/18,EM_FWOR,WHWO,JRK,EMFWOR_NSWRC2-09A_2018,NSWRC2-09A,U,EMFWOR_SWRC2,EMFWOR_SWRC2-09,70,29,735690.246,4659189.282,NAD83 10N,3.6,O,1,S,POTR5,14.5,22.7,258,245,29.9,
2015,5/28/15,EM_PAID,WHWO,JGD,EMPAID_NSF02A_2015,NSF02A,T,EMPAID_SF,EMPAID_SF02,146,32,550466.694,4957536.369,NAD83 11N,1.3,N,2,S,PIPO,2,56.3,32,202,29,
2018,6/27/18,EM_PAID,WHWO,JRK,EMPAID_NCW-A01B_2018,NCW-A01B,HTB,EMPAID_CW-A,EMPAID_A01,208,50,551961.396,4959943.022,NAD83 11N,4.6,N,2,S,PSMEG,5,43.5,29,220,26.5,
2017,6/7/17,EM_MAOR,WHWO,JHT,EMMAOR_NUPCA1-08A_2017,NUPCA1-08A,U,EMMAOR_UPCA1,EMMAOR_UPCA1-08,320,29,364305.555,4847678.418,NAD83 11N,2.1,N,3,S,PIPO,2.6,101,144,118,26,
2019,6/12/19,EM_MAOR,WHWO,MEW,EMMAOR_NUPCA1-08A_2019,NUPCA1-08A,U,EMMAOR_UPCA1,EMMAOR_UPCA1-08,320,29,364305.555,4847678.418,NAD83 11N,2.1,O,3,S,PIPO,2.6,101,144,118,26,
2017,6/29/17,EM_FWOR,WHWO,JGD,EMFWOR_NLFTT2-01A_2017,NLFTT2-01A,OHTB,EMFWOR_LFTT2,EMFWOR_LFTT2-01,161,20,726668.276,4684345.878,NAD83 10N,5.6,N,0,T,POTR5,10.6,29.5,310,90,25,
2019,6/18/19,EM_PAID,WHWO,JGD,EMPAID_NCW-G02A_2019,NCW-G02A,TOB,EMPAID_CW-G,EMPAID_G02,358,13,551221.868,4950535.674,NAD83 11N,8.4,N,1,S,PSMEG,15.6,44.5,178,25,25,
2015,5/19/15,EM_PAID,WHWO,ARK,EMPAID_NCU10A_2015,NCU10A,HT,EMPAID_CU,EMPAID_CU10,327,35,523648.562,4991592.813,NAD83 11N,4.5,N,0,T,PIPO,41,95.5,152,18,25,
2013,5/20/13,EM_PAID,WHWO,RSS,EMPAID_NCU07A_2013,NCU07A,HT,EMPAID_CU,EMPAID_CU07,236,42,524836.4463,4991607.84,NAD83 11N,2.8,N,2,S,PSMEG,3.2,35.8,30,17,24.5,
2015,6/24/15,EM_MAOR,WHWO,CKL,EMMAOR_NWOLFC2-02A_2015,NWOLFC2-02A,U,EMMAOR_WOLFC2,EMMAOR_WOLFC2-02,293,46,369893.774,4877733.656,NAD83 11N,9,N,1,T,JUOC,12,64.5,173,178,24,
2016,5/24/16,EM_PAID,WHWO,ARK,EMPAID_NWM03A_2016,NWM03A,OHTB,Incidental,Incidental,223,65,525759.617,4967389.38,NAD83 11N,2.4,N,2,S,PIPO,4.9,40.5,62,284,24,
2018,6/29/18,EM_PAID,WHWO,NRB,EMPAID_N2WS08A_2018,N2WS08A,B,EMPAID_2WS,EMPAID_2WS08,0,52,546533.015,4971408.719,NAD83 11N,2,N,2,S,PIPO,4.7,30.1,160,157,23.8,
2014,5/21/14,EM_PAID,WHWO,ARK,EMPAID_NCU10A_2014,NCU10A,HT,EMPAID_CU,EMPAID_CU10,244,30,523798.25,4991608.64,NAD83 11N,4.4,N,2,S,PIPO,8.5,84,78,322,23.3,
2014,6/18/14,EM_PAID,WHWO,ARP,EMPAID_NDL08A_2014,NDL08A,U,EMPAID_DL,EMPAID_DL08,74,25,531159.947,4981185.695,NAD83 11N,2.9,N,2,S,PIPO,4.5,38.1,307,168,23,
2019,6/26/19,EM_PAID,WHWO,JMR,EMPAID_NWRF-M08A_2019,NWRF-M08A,HTB,EMPAID_WRF-M,EMPAID_M08,212,47,550530.356,4970338.646,NAD83 11N,7.4,N,1,S,PIPO,18,76.4,15,223,23,
2014,6/26/14,EM_PAID,WHWO,ARP,EMPAID_NCU09A_2014,NCU09A,HT,EMPAID_CU,EMPAID_CU09,999,999,524266.215,4991423.259,NAD83 11N,2.4,N,2,S,PIPO,2.7,32,342,151,22.5,
2018,6/29/18,EM_PAID,WHWO,RSP,EMPAID_N1WS07A_2018,N1WS07A,B,EMPAID_1WS,EMPAID_1WS07,114,58,547507.647,4967828.486,NAD83 11N,3.4,N,4,S,PIPO,15.8,63.9,272,254,22.5,
2015,6/23/15,EM_FWOR,WHWO,JGD,EMFWOR_NCAMC1-09A_2015,NCAMC1-09A,OB,EMFWOR_CAMC1,EMFWOR_CAMC1-09,303,20,734146.046,4674816.711,NAD83 10N,2.9,N,1,S,PIPO,17.7,46.4,108,28,22.5,
2019,6/3/19,EM_PAID,WHWO,KEK,EMPAID_NCW-B02A_2019,NCW-B02A,HTB,EMPAID_CW-B,EMPAID_B02,329,39,551776.945,4957611.463,NAD83 11N,4.8,N,2,S,PSMEG,5.3,55.6,167,304,22,
2012,6/28/12,EM_PAID,WHWO,RSS,EMPAID_NWM07A_2012,NWM07A,OHT,Incidental,Incidental,341,80,525786.933,4967395.199,NAD83 11N,3.3,N,2,S,PIPO,5,44.5,158,101,21.8,Incidental nest found via tip from PNF MIS crew
2012,5/26/12,EM_PAID,WHWO,RSS,EMPAID_NCW-A03A_2012,NCW-A03A,U,EMPAID_CW-A,EMPAID_A03,999,999,550509.987,4958785.505,NAD83 11N,3,N,2,S,PIPO,7.4,35,119,176,21.5,No bearing tree flagged
2016,5/23/16,EM_PAID,WHWO,ECC,EMPAID_NCW-A03A_2016,NCW-A03A,TH,EMPAID_CW-A,EMPAID_A03,270,23,550509.987,4958785.505,NAD83 11N,1.2,N,2,S,PIPO,7.4,35,22,176,21.5,
2018,6/7/18,EM_FWOR,WHWO,JRK,EMFWOR_NLFTT2-01A_2018,NLFTT2-01A,HT,Incidental,Incidental,252,32,726414.789,4683130.505,NAD83 10N,4.2,N,3,S,PIPO,5.3,75.2,330,240,21,
2014,6/26/14,EM_PAID,WHWO,JMWS,EMPAID_NB-S01A_2014,NB-S01A,U,EMPAID_B-S,EMPAID_S01,290,103,525879.374,4992272.229,NAD83 11N,3.6,N,2,S,PIPO,9.2,59,154,203,21,
2015,6/3/15,EM_MAOR,WHWO,JLN,EMMAOR_NWOLFC1-07A_2015,NWOLFC1-07A,U,EMMAOR_WOLFC1,EMMAOR_WOLFC1-07,126,20,368392.155,4879271.611,NAD83 11N,3.1,N,1,T,JUOC,6.4,57.9,295,174,20.5,
2017,6/19/17,EM_MAOR,WHWO,JHT,EMMAOR_NWOLFC1-07A_2017,NWOLFC1-07A,U,EMMAOR_WOLFC1,EMMAOR_WOLFC1-07,126,20,368392.155,4879271.611,NAD83 11N,3.1,O,0,T,JUOC,6.4,57.9,295,174,20.5,
2017,6/26/17,EM_MAOR,WHWO,JHT,EMMAOR_NMDC1-07A_2017,NMDC1-07A,U,EMMAOR_MDC1,EMMAOR_MDC1-07,59,31,347046.626,4850942.079,NAD83 11N,2.8,N,1,S,PIPO,13.8,48.6,230,186,20.5,
2014,5/28/14,EM_PAID,WHWO,CKL,EMPAID_N1WS07A_2014,N1WS07A,U,EMPAID_1WS,EMPAID_1WS07,18,44,547599.55,4967957.484,NAD83 11N,3,N,2,S,PSMEG,4.2,107,268,277,20,
2017,6/28/17,EM_PAID,WHWO,TCA,EMPAID_NCW-A01A_2017,NCW-A01A,HT,EMPAID_CW-A,EMPAID_A01,68,37,551765.057,4960085.09,NAD83 11N,3.5,N,1,S,PIPO,27,102.4,267,241,20,
2015,6/30/15,EM_PAID,WHWO,KAR,EMPAID_NLC05A_2015,NLC05A,U,EMPAID_LC,EMPAID_LC05,48,50,530585.827,4982794.511,NAD83 11N,2,N,2,S,PIPO,3,38.2,227,88,20,
2019,6/19/19,EM_PAID,WHWO,JGD,EMPAID_NWM03A_2019,NWM03A,OHTB,Incidental,Incidental,330,15,525828.888,4967410.06,NAD83 11N,2,N,3,S,PIPO,2.9,42.8,166,155,20,
2016,7/6/16,EM_MAOR,WHWO,BDG,EMMAOR_NFLAGC1-06A_2016,NFLAGC1-06A,U,EMMAOR_FLAGC1,EMMAOR_FLAGC1-06,301,25,390620.178,4898827.523,NAD83 11N,1.7,N,0,T,JUOC,5.7,30.5,104,130,20,
2013,6/20/13,EM_PAID,WHWO,PEJ,EMPAID_N1WS05A_2013,N1WS05A,B,EMPAID_1WS,EMPAID_1WS05,5,50,547572.5012,4968534.84,NAD83 11N,2.5,N,2,S,PIPO,3,26.7,147,80,19.6,
2015,6/1/15,EM_MAOR,WHWO,CAS,EMMAOR_NCUBT2-03A_2015,NCUBT2-03A,OBT,EMMAOR_CUBT2,EMMAOR_CUBT2-03,30,25,345633.804,4888525.007,NAD83 11N,1.7,N,3,S,PIPO,2,25.6,210,211,19.5,
2019,6/12/19,EM_PAID,WHWO,JGD,EMPAID_NSG10A_2019,NSG10A,OTB,Incidental,Incidental,119,30,524038.756,4986190.011,NAD83 11N,3.8,N,2,S,PIPO,8,34.9,250,216,19,
2015,6/4/15,EM_PAID,WHWO,ARK,EMPAID_NCU09A_2015,NCU09A,U,EMPAID_CU,EMPAID_CU09,999,999,524387.954,4991349.43,NAD83 11N,2.2,N,3,S,PIPO,5.5,60.4,194,168,19,
2017,6/12/17,EM_PAID,WHWO,TCA,EMPAID_NCW-A05A_2017,NCW-A05A,HT,EMPAID_CW-A,EMPAID_A05,340,27,550880.687,4958130.095,NAD83 11N,2.3,N,3,S,PIPO,14.8,102.3,142,326,19,
2016,6/22/16,EM_PAID,WHWO,TCA,EMPAID_NCW-D04A_2016,NCW-D04A,HTB,EMPAID_CW-D,EMPAID_D04,228,45,548413.399,4956222.51,NAD83 11N,3.5,N,3,S,PIPO,4,36.3,74,350,19,
2017,5/26/17,EM_PAID,WHWO,JWH,EMPAID_NLC03A_2017,NLC03A,B,EMPAID_LC,EMPAID_LC03,62,41,531176.812,4983103.215,NAD83 11N,2.3,N,3,S,PIPO,3.5,57.5,258,255,18.8,
2014,6/10/14,EM_PAID,WHWO,JFH,EMPAID_NSF07A_2014,NSF07A,TH,EMPAID_SF,EMPAID_SF07,125,36,550948.811,4957895.218,NAD83 11N,2.3,N,2,S,PIPO,6.1,82.3,284,128,18.5,
2012,6/14/12,EM_PAID,WHWO,DJH,EMPAID_NCR01A_2012,NCR01A,U,Incidental,Incidental,34,83,525850.709,4974096.62,NAD83 11N,1.1,N,2,S,PIPO,1.5,28.6,270,200,18.5,Incidental nest found via tip from PNF MIS crew
2016,5/20/16,EM_PAID,WHWO,ARK,EMPAID_NSF07A_2016,NSF07A,HT,EMPAID_SF,EMPAID_SF07,330,35,550948.811,4957895.218,NAD83 11N,5.5,N,2,S,PIPO,6.1,82.3,184,128,18.5,
2014,7/9/14,EM_MAOR,WHWO,PEJ,EMMAOR_NMDC1-03A_2014,NMDC1-03A,U,EMMAOR_MDC1,EMMAOR_MDC1-03,10,13,347076.649,4852136.952,NAD83 11N,1.2,N,2,L,PIPO,1.9,133,205,274,18,dbh = diameter of log at cavity; Tree top condition = C = CUT STUMP
2018,5/23/18,EM_PAID,WHWO,TCA,EMPAID_NEFW01A_2018,NEFW01A,HT,Incidental,Incidental,251,40,550248.096,4966329.36,NAD83 11N,3.2,N,2,S,PIPO,4.8,40.1,61,287,18,
2014,6/3/14,EM_MAOR,WHWO,RLM,EMMAOR_NCUBT2-03A_2014,NCUBT2-03A,OB,EMMAOR_CUBT2,EMMAOR_CUBT2-03,189,27,345632.331,4888521.895,NAD83 11N,1.2,N,2,S,PIPO,2.1,26.3,9,250,17.5,
2014,6/13/14,EM_PAID,WHWO,JFH,EMPAID_NWM03A_2014,NWM03A,OHTB,Incidental,Incidental,270,35,525949.399,4967362.244,NAD83 11N,2.9,N,2,S,PIPO,13.6,57.7,134,128,17,
2016,5/25/16,EM_PAID,WHWO,BAG,EMPAID_NSF05A_2016,NSF05A,HT,EMPAID_SF,EMPAID_SF05,178,40,550603.382,4958267.065,NAD83 11N,1.4,N,2,S,PIPO,3.5,56.5,330,330,16.5,
2013,6/3/13,EM_PAID,WHWO,RSS,EMPAID_NSF08A_2013,NSF08A,U,EMPAID_SF,EMPAID_SF08,84,48,551006.9648,4958098.456,NAD83 11N,1.8,N,2,S,PIPO,7.9,36.8,261,174,16.5,
2017,6/15/17,EM_PAID,WHWO,JGD,EMPAID_NWM03A_2017,NWM03A,OHTB,Incidental,Incidental,272,35,526013.009,4967326.547,NAD83 11N,10.5,N,2,S,PIPO,15.9,53.9,72,344,16.5,
2012,6/12/12,EM_PAID,WHWO,ARK,EMPAID_NCU10A_2012,NCU10A,HT,Incidental,Incidental,110,28,523940.244,4991313.052,NAD83 11N,2,N,3,S,PIPO,2.3,116,306,188,16,Incidental nest found via tip from PNF MIS crew
2017,6/16/17,EM_MAOR,WHWO,NSM,EMMAOR_NDUGC1-06B_2017,NDUGC1-06B,OTB,Incidental,Incidental,116,47,391317.859,4894027.772,NAD83 11N,2.5,N,1,S,PIPO,9.3,40.8,302,230,16,
2016,6/14/16,EM_MAOR,WHWO,NGS,EMMAOR_NCUBT1-10A_2016,NCUBT1-10A,OB,EMMAOR_CUBT1,EMMAOR_CUBT1-10,34,19,347457.452,4888208.178,NAD83 11N,1.5,N,2,S,PIPO,3.75,45.6,196,174,16,
2019,6/20/19,EM_MAOR,WHWO,LAK,EMMAOR_NMDC2-04A_2019,NMDC2-04A,U,EMMAOR_MDC2,EMMAOR_MDC2-04,104,10,348663.132,4852176.791,NAD83 11N,2.2,N,0,T,POTR5,9.4,28.1,182,94,16,
2013,5/28/13,EM_PAID,WHWO,CRH,EMPAID_NCU04A_2013,NCU04A,U,EMPAID_CU,EMPAID_CU04,290,25,525672.4877,4991215.279,NAD83 11N,3.2,N,2,S,PSMEG,5,78,178,193,16,
2017,6/13/17,EM_PAID,WHWO,TCA,EMPAID_NCW-E03A_2017,NCW-E03A,HT,EMPAID_CW-E,EMPAID_E03,280,32,552340.599,4956581.862,NAD83 11N,2.5,N,3,S,PIPO,10.5,93,130,279,16,
2017,6/28/17,EM_MAOR,WHWO,JRK,EMMAOR_NWOLFC2-01A_2017,NWOLFC2-01A,U,EMMAOR_WOLFC2,EMMAOR_WOLFC2-01,302,8,369744.386,4878029.842,NAD83 11N,3,N,0,T,JUOC,14.5,44.4,106,231,16,
2016,7/7/16,EM_MAOR,WHWO,VLM,EMMAOR_NWOLFC2-03A_2016,NWOLFC2-03A,U,EMMAOR_WOLFC2,EMMAOR_WOLFC2-03,267,19,369554.94,4877554.946,NAD83 11N,1.5,N,0,T,JUOC,12,26.5,99,206,16,
2014,5/13/14,EM_PAID,WHWO,JGD,EMPAID_NBWC01A_2014,NBWC01A,U,Incidental,Incidental,999,999,529323.933,4992625.337,NAD83 11N,2.3,N,2,S,PIPO,2.5,29,212,153,15.5,
2015,6/4/15,EM_PAID,WHWO,ARK,EMPAID_NCU05A_2015,NCU05A,U,EMPAID_CU,EMPAID_CU05,0,25,525250.883,4991544.695,NAD83 11N,2.1,N,2,S,PIPO,4.5,66.2,192,358,15,
2016,6/6/16,EM_PAID,WHWO,JWH,EMPAID_NCU05A_2016,NCU05A,U,EMPAID_CU,EMPAID_CU05,0,25,525250.883,4991544.695,NAD83 11N,2.1,O,2,S,PIPO,4.5,66.2,192,358,15,
2017,6/16/17,EM_PAID,WHWO,JGD,EMPAID_N1WS07A_2017,N1WS07A,HTB,EMPAID_1WS,EMPAID_1WS07,28,28,547380.732,4968175.97,NAD83 11N,3.7,N,2,S,PIPO,4,35,182,149,15,
2016,6/28/16,EM_PAID,WHWO,AMK,EMPAID_NCW-D10A_2016,NCW-D10A,HB,EMPAID_CW-D,EMPAID_D10,312,27,549349.456,4955761.912,NAD83 11N,9.8,N,2,S,PIPO,10.7,59,180,287,15,
2017,6/12/17,EM_MAOR,WHWO,SAD,EMMAOR_NCUBT2-10A_2017,NCUBT2-10A,OBH,EMMAOR_CUBT2,EMMAOR_CUBT2-10,330,32,345919.93,4887247.563,NAD83 11N,1.7,N,3,S,PIPO,2.1,36.5,145,252,15,
2017,5/19/17,EM_PAID,WHWO,TCA,EMPAID_NSF09A_2017,NSF09A,HT,EMPAID_SF,EMPAID_SF09,148,47,550553.933,4958520.83,NAD83 11N,2.2,N,3,S,PIPO,2.6,31.8,129,173,15,
2017,7/6/17,EM_MAOR,WHWO,MTC,EMMAOR_NWOLFTA3-09A_2017,NWOLFTA3-09A,U,EMMAOR_WOLFTA3,EMMAOR_WOLFTA3-09,295,38,359165.343,4884300.744,NAD83 11N,0.75,N,2,L,PIPO,1.1,54.5,100,220,15,"diameter at CE = 54.5 cm, CE 0.75 m off ground"
2018,6/12/18,EM_PAID,WHWO,JGD,EMPAID_NWM03A_2018,NWM03A,OHTB,Incidental,Incidental,345,20,525821.764,4967334.289,NAD83 11N,3.5,N,2,S,PIPO,17.8,113.3,117,112,14.7,
2013,5/30/13,EM_PAID,WHWO,RSS,EMPAID_NB-U02A_2013,NB-U02A,U,EMPAID_B-U,EMPAID_U02,194,72,530872.1985,4981188.313,NAD83 11N,16.9,N,0,T,PIPO,18.9,53.7,50,180,14.6,
2015,6/11/15,EM_PAID,WHWO,JGD,EMPAID_NWM03A_2015,NWM03A,OHTB,Incidental,Incidental,999,999,525861.334,4967210.543,NAD83 11N,2.3,N,2,S,PIPO,2.7,76.3,334,340,14.5,Tree top condition = C = CUT STUMP
2017,5/23/17,EM_PAID,WHWO,JWH,EMPAID_N2WS05A_2017,N2WS05A,B,EMPAID_2WS,EMPAID_2WS05,35,30,547045.16,4972115.161,NAD83 11N,1.5,N,2,S,PIPO,2.5,51.6,223,330,14.3,
2013,6/10/13,EM_PAID,WHWO,RSS,EMPAID_NCW-A01A_2013,NCW-A01A,U,EMPAID_CW-A,EMPAID_A01,281,30,550114.299,4959633.273,NAD83 11N,4.6,N,2,S,PIPO,7.8,41.9,100,202,14.3,
2013,6/24/13,EM_PAID,WHWO,RSS,EMPAID_NWRF-M06A_2013,NWRF-M06A,U,EMPAID_WRF-M,EMPAID_M06,166,32,549879.5555,4971410.223,NAD83 11N,7.1,N,2,S,PIPO,8.1,37.9,335,215,14.2,
2016,6/27/16,EM_MAOR,WHWO,BDG,EMMAOR_NWOLFC2-09A_2016,NWOLFC2-09A,U,EMMAOR_WOLFC2,EMMAOR_WOLFC2-09,74,24,370113.169,4876044.094,NAD83 11N,2,N,0,T,JUOC,7,34.7,216,222,14,
2019,6/19/19,EM_PAID,WHWO,KEK,EMPAID_N1WS06A_2019,N1WS06A,HTB,EMPAID_1WS,EMPAID_1WS06,46,44,546941.215,4968416.937,NAD83 11N,1.75,N,3,S,PIPO,2.2,49.5,212,95,14,
2018,6/20/18,EM_PAID,WHWO,LIB,EMPAID_NDL04A_2018,NDL04A,U,EMPAID_DL,EMPAID_DL04,274,75,529425.022,4979806.666,NAD83 11N,5.7,N,1,S,PIPO,22.4,83.5,123,105,14,
2015,5/28/15,EM_PAID,WHWO,JGD,EMPAID_NSF07A_2015,NSF07A,HT,EMPAID_SF,EMPAID_SF07,314,20,550897.52,4957839.761,NAD83 11N,3,N,2,S,PIPO,22.5,45.2,82,168,14,
2015,6/2/15,EM_FWOR,WHWO,PEJ,EMFWOR_NCAMC1-01A_2015,NCAMC1-01A,U,EMFWOR_CAMC1,EMFWOR_CAMC1-01,256,30,736223.852,4674241.706,NAD83 10N,2.3,N,2,S,PIPO,3.7,73,20,34,14,
2013,5/15/13,EM_PAID,WHWO,RSS,EMPAID_NDL03A_2013,NDL03A,U,EMPAID_DL,EMPAID_DL03,224,44,529422.611,4979791.125,NAD83 11N,6.7,N,2,S,PIPO,7.8,64.1,70,138,13.8,
2014,5/23/14,EM_PAID,WHWO,JFH,EMPAID_NDL03A_2014,NDL03A,U,EMPAID_DL,EMPAID_DL03,224,45,529422.611,4979791.125,NAD83 11N,3.2,N,2,S,PIPO,7.8,64.1,42,138,13.8,
2014,6/2/14,EM_PAID,WHWO,ARK,EMPAID_NCC08A_2014,NCC08A,OB,Incidental,Incidental,999,999,528736.004,4971343.109,NAD83 11N,1.7,N,2,S,PIPO,3.2,31,26,147,13.7,
2016,6/28/16,EM_MAOR,WHWO,BDG,EMMAOR_NDUGC1-01A_2016,NDUGC1-01A,U,EMMAOR_DUGC1,EMMAOR_DUGC1-01,53,32,390639.002,4895431.191,NAD83 11N,2.7,N,2,T,JUOC,7.5,37,258,240,13.5,
2014,7/1/14,EM_MAOR,WHWO,PEJ,EMMAOR_NDUGC1-01A_2014,NDUGC1-01A,U,EMMAOR_DUGC1,EMMAOR_DUGC1-01,222,44,390639.002,4895431.191,NAD83 11N,1.5,N,2,T,JUOC,7.5,37,55,240,13.5,
2015,6/4/15,EM_MAOR,WHWO,RLM,EMMAOR_NDUGC1-01A_2015,NDUGC1-01A,U,EMMAOR_DUGC1,EMMAOR_DUGC1-01,222,44,390639.002,4895431.191,NAD83 11N,1.5,O,2,T,JUOC,7.5,37,55,240,13.5,
2015,7/8/15,EM_PAID,WHWO,ARK,EMPAID_NCW-A01B_2015,NCW-A01B,U,EMPAID_CW-A,EMPAID_A01,999,999,551373.257,4959628.404,NAD83 11N,6.3,N,2,S,PIPO,7,30.8,284,272,13,
2015,5/27/15,EM_PAID,WHWO,ARK,EMPAID_NWRF-M06A_2015,NWRF-M06A,HT,EMPAID_WRF-M,EMPAID_M06,24,50,550057.014,4971157.211,NAD83 11N,3,N,2,S,PIPO,7.5,52,200,116,13,
2014,5/20/14,EM_PAID,WHWO,ARK,EMPAID_NSF09A_2014,NSF09A,U,EMPAID_SF,EMPAID_SF09,327,35,550525.586,4958510.784,NAD83 11N,0.7,N,2,S,PIPO,3.1,40.4,110,260,13,
2019,6/19/19,EM_PAID,WHWO,JGD,EMPAID_NCC10A_2019,NCC10A,OB,Incidental,Incidental,115,35,529165.104,4972455.402,NAD83 11N,1.4,N,2,S,PIPO,9,28.2,97,248,13,
2013,6/12/13,EM_PAID,WHWO,JGD,EMPAID_NCW-A01B_2013,NCW-A01B,U,EMPAID_CW-A,EMPAID_A01,77,20,551539.3865,4959565.985,NAD83 11N,4.1,N,2,S,PIPO,4.9,48,273,233,12.8,
2019,6/18/19,EM_PAID,WHWO,JMR,EMPAID_NB-T01A_2019,NB-T01A,HB,EMPAID_B-T,EMPAID_T01,260,34,522547.973,4985345.247,NAD83 11N,3.3,N,2,S,PIPO,3.6,32.5,50,270,12.7,
2017,6/29/17,EM_PAID,WHWO,TCA,EMPAID_NDL08A_2017,NDL08A,U,EMPAID_DL,EMPAID_DL08,2.5,50,530723.544,4981236.618,NAD83 11N,2,N,3,S,PIPO,6.5,64.9,167,228,12.5,
2015,6/4/15,EM_PAID,WHWO,KAR,EMPAID_NDL08A_2015,NDL08A,U,EMPAID_DL,EMPAID_DL08,292,20,530749.435,4981068.656,NAD83 11N,1.2,N,1,S,PIPO,13.5,51.4,148,203,12.5,
2018,6/1/18,EM_PAID,WHWO,NRB,EMPAID_NCW-A01A_2018,NCW-A01A,HT,EMPAID_CW-A,EMPAID_A01,340,33,550355.378,4959539.434,NAD83 11N,1.8,N,2,S,PIPO,15.2,63.9,144,101,12.5,
2021,6/7/21,EM_MAOR,WHWO,TES,EMMAOR_NELKT3-08A_2021,NELKT3-08A,THB,EMMAOR_ELKT3,EMMAOR_ELKT3-08A,257,24,381079,4889752,NAD83 11N,2.8,N,2,S,PIPO,3.9,80,75,162,12.2,
2016,6/9/16,EM_PAID,WHWO,AMK,EMPAID_NB-T06A_2016,NB-T06A,HB,EMPAID_B-T,EMPAID_T06,190,25,521827.945,4984310.136,NAD83 11N,3,N,2,S,PIPO,3.5,50,356,261,12,
2019,6/25/19,EM_MAOR,WHWO,DHK,EMMAOR_NDUGC1-06A_2019,NDUGC1-06A,OTB,Incidental,Incidental,152,22,391253.749,4894346.142,NAD83 11N,19.1,U,1,S,PIPO,28.2,72.2,332,312,12,
2017,6/28/17,EM_MAOR,WHWO,JRK,EMMAOR_NWOLFC2-08A_2017,NWOLFC2-08A,U,EMMAOR_WOLFC2,EMMAOR_WOLFC2-08,143,39,370192.842,4876099.555,NAD83 11N,4.1,N,0,T,JUOC,8.2,49,330,268,12,
2019,6/13/19,EM_PAID,WHWO,KEK,EMPAID_NCW-A02A_2019,NCW-A02A,HTB,EMPAID_CW-A,EMPAID_A02,104,32,550293.353,4959169.85,NAD83 11N,2.2,N,2,S,PSMEG,2.5,22,293,70,12,
2016,5/26/16,EM_PAID,WHWO,ARK,EMPAID_NWRF-M06A_2016,NWRF-M06A,HT,EMPAID_WRF-M,EMPAID_M06,97,65,550181.435,4971209.707,NAD83 11N,2.1,N,2,S,PSMEG,2.7,24,270,245,12,
2019,6/19/19,EM_PAID,WHWO,KEK,EMPAID_N1WS07A_2019,N1WS07A,HTB,EMPAID_1WS,EMPAID_1WS07,72,57,547258.735,4968170.555,NAD83 11N,2.2,N,2,S,PIPO,4.6,56,190,228,12,
2015,6/16/15,EM_PAID,WHWO,ALG,EMPAID_NSF09A_2015,NSF09A,T,EMPAID_SF,EMPAID_SF09,4,22,550159.138,4958704.414,NAD83 11N,2,N,2,S,PIPO,4,53.3,136,232,12,
2016,6/24/16,EM_MAOR,WHWO,MML,EMMAOR_NCUBT2-10A_2016,NCUBT2-10A,OB,EMMAOR_CUBT2,EMMAOR_CUBT2-10,250,26,346005.164,4886997.165,NAD83 11N,1.5,N,2,S,PIPO,2,34.4,70,320,12,
2012,6/21/12,EM_PAID,WHWO,PEJ,EMPAID_NCP09A_2012,NCP09A,OB,Incidental,Incidental,300,30,522409.617,4982363.481,NAD83 11N,1.4,N,2,S,PIPO,2.4,25.3,139,50,11.3,Incidental nest found via tip from PNF MIS crew
2020,7/6/20,EM_FWOR,WHWO,MEW,EMFWOR_NCAMC1-10A_2020,NCAMC1-10A,OB,EMFWOR_CAMC1,EMFWOR_CAMC1-10,200,29,734082,4674837,NAD83 10N,3.6,N,2,S,PIPO,5.4,45.2,39,46,11.2,
2014,6/11/14,EM_PAID,WHWO,JGD,EMPAID_NSG10A_2014,NSG10A,OTB,Incidental,Incidental,170,60,523648.616,4985968.842,NAD83 11N,1.7,N,2,S,PIPO,8.3,28.9,343,266,11,
2017,5/19/17,EM_PAID,WHWO,TCA,EMPAID_NCW-D10A_2017,NCW-D10A,HBT,EMPAID_CW-D,EMPAID_D10,135,29,549345.282,4955938.501,NAD83 11N,2.1,N,3,S,PIPO,2.3,27.4,318,228,11,
2017,5/30/17,EM_PAID,WHWO,ENB,EMPAID_NCW-D04A_2017,NCW-D04A,TB,EMPAID_CW-D,EMPAID_D04,44,37,548147.376,4956600.53,NAD83 11N,2,N,3,S,PIPO,2.6,48.7,250,349,11,
2014,6/1/14,EM_PAID,WHWO,ARK,EMPAID_NB-T10A_2014,NB-T10A,H,EMPAID_B-T,EMPAID_T10,74,55,521934.332,4982550.943,NAD83 11N,3,N,2,S,PIPO,3.5,39,248,68,11,
2021,6/7/21,EM_MAOR,WHWO,CPL,EMMAOR_NCUBT2-02A_2021,NCUBT2-02A,HB,EMMAOR_CUBT2,EMMAOR_CUBT2-02A,201,22,345182,4888785,NAD83 11N,0.95,N,1,S,PIPO,13.6,31.7,14,297,11,
2012,6/19/12,EM_PAID,WHWO,ARK,EMPAID_NSF04A_2012,NSF04A,U,Incidental,Incidental,185,20,550503.181,4957885.985,NAD83 11N,3.3,N,2,S,PIPO,4.4,68.2,1,303,11,Incidental nest found via tip from PNF MIS crew
2021,6/18/21,EM_MAOR,WHWO,TES,EMMAOR_NPAWT1-05A_2021,NPAWT1-05A,HBT,EMMAOR_PAWT1,EMMAOR_PAWT1-05A,34,33,348809,4882576,NAD83 11N,2.9,N,1,S,PIPO,24.2,51.2,235,347,10.7,
2021,5/17/21,EM_MAOR,WHWO,TES,EMMAOR_NCUBT2-10A_2021,NCUBT2-10A,HB,EMMAOR_CUBT2,EMMAOR_CUBT2-10A,303,54,345837,4887269,NAD83 11N,2.55,N,2,S,PIPO,18.1,88,160,155,10.7,
2017,6/5/17,EM_MAOR,WHWO,JRK,EMMAOR_NFLAGC1-06A_2017,NFLAGC1-06A,U,EMMAOR_FLAGC1,EMMAOR_FLAGC1-06,134,39,390625.318,4898879.623,NAD83 11N,4.2,N,0,T,JUOC,9.9,41.6,340,128,10,
2013,5/20/13,EM_PAID,WHWO,RSS,EMPAID_NCU10A_2013,NCU10A,HT,EMPAID_CU,EMPAID_CU10,90,40,523993.6819,4991339.808,NAD83 11N,1.8,N,2,S,PIPO,11.1,89.5,240,157,10,
2017,6/13/17,EM_MAOR,WHWO,LMH,EMMAOR_NELKT3-01A_2017,NELKT3-01A,OTB,EMMAOR_ELKT3,EMMAOR_ELKT3-01,14,11,381021.182,4891838.568,NAD83 11N,7.7,N,2,S,PIPO,7.9,47.4,230,230,10,
2014,5/27/14,EM_PAID,WHWO,JMWS,EMPAID_NCW-A01A_2014,NCW-A01A,U,EMPAID_CW-A,EMPAID_A01,70,40,551658.314,4959449.845,NAD83 11N,1.1,N,2,S,PIPO,1.7,28,230,226,10,
2018,5/21/18,EM_PAID,WHWO,TCA,EMPAID_NB-T10A_2018,NB-T10A,H,EMPAID_B-T,EMPAID_T10,149,35,522031.606,4982582.414,NAD83 11N,2.5,N,2,S,PIPO,3.8,29.6,124,150,10,
2017,6/16/17,EM_MAOR,WHWO,JRK,EMMAOR_NDUGC1-01A_2017,NDUGC1-01A,U,EMMAOR_DUGC1,EMMAOR_DUGC1-01,7,22,390532.025,4895392.237,NAD83 11N,1.8,N,0,T,JUOC,4.4,35.5,33,259,10,
2013,6/21/13,EM_PAID,WHWO,ARK,EMPAID_NCC07A_2013,NCC07A,OB,Incidental,Incidental,188,41,528949.3224,4970965.987,NAD83 11N,3,N,2,S,PIPO,3.8,43.5,28,190,10,Incidental nest found via tip from PNF MIS crew
2018,6/18/18,EM_PAID,WHWO,JRK,EMPAID_NCW-B04A_2018,NCW-B04A,HTB,EMPAID_CW-B,EMPAID_B04,44,24,552209.808,4957932.504,NAD83 11N,3,N,2,S,PIPO,5.1,33.7,238,221,9.9,
2018,5/24/18,EM_PAID,WHWO,TCA,EMPAID_N1WS09A_2018,N1WS09A,HTB,EMPAID_1WS,EMPAID_1WS09,256,38,546155.786,4967880.704,NAD83 11N,2.5,N,2,S,PIPO,2.7,34.4,68,86,9.8,
2014,5/30/14,EM_PAID,WHWO,FMG,EMPAID_NSF08A_2014,NSF08A,HT,EMPAID_SF,EMPAID_SF08,198,29,550685.225,4957606.967,NAD83 11N,1.9,N,2,S,PIPO,2.4,28.9,279,267,9.4,
2013,7/25/13,EM_PAID,WHWO,RSS,EMPAID_NCW-D09A_2013,NCW-D09A,U,EMPAID_CW-D,EMPAID_D09,120,18,549114.2105,4955975.576,NAD83 11N,1.6,N,2,S,PIPO,2.4,28.9,279,267,9.4,
2018,6/28/18,EM_PAID,WHWO,JGD,EMPAID_NBR01A_2018,NBR01A,U,EMPAID_BR,EMPAID_BR01,337,42,525437.512,4987395.417,NAD83 11N,3.7,N,2,S,PIPO,4.1,33.5,161,179,9.2,
2021,7/1/21,EM_MAOR,WHWO,TES,EMMAOR_NELKT2-07A_2021,NELKT2-07A,HTB,EMMAOR_ELKT2,EMMAOR_ELKT2-07A,283,94,388273,4892715,NAD83 11N,1.3,N,1,S,POTR5,13.2,26.2,110,135,9.1,
2014,6/5/14,EM_MAOR,WHWO,PEJ,EMMAOR_NELKT1-05A_2014,NELKT1-05A,U,EMMAOR_ELKT1,EMMAOR_ELKT1-05,170,43,382954.963,4886280.668,NAD83 11N,1.5,N,1,S,PIPO,12,25.1,311,104,9,
2016,5/18/16,EM_PAID,WHWO,ARK,EMPAID_NSG10A_2016,NSG10A,OTB,Incidental,Incidental,62,50,523278.425,4986126.398,NAD83 11N,1.9,N,2,S,PIPO,2.7,51.5,260,2,9,
2018,6/26/18,EM_PAID,WHWO,JRK,EMPAID_NCU10A_2018,NCU10A,U,Incidental,Incidental,82,27,523591.748,4989451.194,NAD83 11N,2.5,N,2,S,PIPO,4.1,39.1,248,231,9,
2019,6/26/19,EM_PAID,WHWO,JGD,EMPAID_NCU10A_2019,NCU10A,U,Incidental,Incidental,82,27,523591.748,4989451.194,NAD83 11N,2.8,N,2,S,PIPO,4.1,39.1,228,231,9,
2014,5/14/14,EM_PAID,WHWO,JGD,EMPAID_NPM09A_2014,NPM09A,OB,Incidental,Incidental,49,20,527425.092,4968695.772,NAD83 11N,1.7,N,2,S,PIPO,13.4,42,222,177,9,
2014,6/2/14,EM_MAOR,WHWO,PEJ,EMMAOR_NDUGC1-03A_2014,NDUGC1-03A,U,EMMAOR_DUGC1,EMMAOR_DUGC1-03,1,55,390924.063,4895180.924,NAD83 11N,4.1,N,2,S,PIPO,5.5,56,218,189,9,
2017,6/29/17,EM_PAID,WHWO,TCA,EMPAID_NBWC01A_2017,NBWC01A,U,Incidental,Incidental,64,40,529244.913,4993041.462,NAD83 11N,3.4,N,0,T,PIPO,6.8,48.5,174,269,9,
2015,5/19/15,EM_MAOR,WHWO,RLM,EMMAOR_NWOLFTB1-06A_2015,NWOLFTB1-06A,OT,EMMAOR_WOLFTB1,EMMAOR_WOLFTB1-06,325,33,364828.718,4884957.844,NAD83 11N,1.75,O,2,S,PSME,2.35,42.1,159,138,9,
2015,6/15/15,EM_MAOR,WHWO,RLM,EMMAOR_NELKT1-05A_2015,NELKT1-05A,U,EMMAOR_ELKT1,EMMAOR_ELKT1-05,15,45,382947.617,4886290.213,NAD83 11N,1.4,N,2,S,PIPO,2.1,41.9,152,138,9,
2016,6/24/16,EM_MAOR,WHWO,BDG,EMMAOR_NCUBT2-02A_2016,NCUBT2-02A,OBT,EMMAOR_CUBT2,EMMAOR_CUBT2-02,127,14,345533.728,4888895.778,NAD83 11N,2.5,N,2,S,PIPO,3.6,24.6,122,270,9,
2015,6/17/15,EM_MAOR,WHWO,JGD,EMMAOR_NCUBT1-10A_2015,NCUBT1-10A,OTB,EMMAOR_CUBT1,EMMAOR_CUBT1-10,272,19,347612.472,4888319.52,NAD83 11N,1.1,N,2,S,PIPO,1.3,28.8,83,122,9,
2018,5/23/18,EM_PAID,WHWO,NRB,EMPAID_NDL10A_2018,NDL10A,U,EMPAID_DL,EMPAID_DL10,240,30,530210.802,4981502.412,NAD83 11N,2.5,N,2,S,PIPO,3.3,28.4,165,283,8.6,
2018,5/22/18,EM_PAID,WHWO,TCA,EMPAID_NBWC01A_2018,NBWC01A,BHT,Incidental,Incidental,260,42,529447.259,4992430.737,NAD83 11N,4.4,N,1,S,PIPO,19.1,51.3,79,140,8.6,
2017,5/19/17,EM_PAID,WHWO,ENB,EMPAID_NSF08A_2017,NSF08A,HT,EMPAID_SF,EMPAID_SF08,999,32,550652.572,4956740.645,NAD83 11N,2.8,N,3,S,PSMEG,3.7,28.9,340,230,8.5,
2019,6/13/19,EM_PAID,WHWO,JGD,EMPAID_NB-T10A_2019,NB-T10A,H,EMPAID_B-T,EMPAID_T10,112,32,521828.648,4982850.961,NAD83 11N,2.4,N,2,S,PIPO,5,54.5,225,91,8.5,
2013,6/6/13,EM_PAID,WHWO,ARK,EMPAID_NWM03A_2013,NWM03A,OHT,Incidental,Incidental,0,25,525885.4087,4967347.837,NAD83 11N,3.4,N,2,S,PIPO,9.2,67.7,184,128,8.5,Incidental nest found via tip from PNF MIS crew
2016,6/24/16,EM_FWOR,WHWO,JAG,EMFWOR_NRIMT1-01A_2016,NRIMT1-01A,U,EMFWOR_RIMT1,EMFWOR_RIMT1-01,276,30,726611.095,4695073.646,NAD83 10N,1,N,1,L,PIPO,1.2,42,153,221,8.5,
2016,6/8/16,EM_PAID,WHWO,JGD,EMPAID_NBWC01A_2016,NBWC01A,U,Incidental,Incidental,336,30,529427.917,4992203.128,NAD83 11N,1.7,N,2,S,PIPO,3.1,33,146,223,8.5,
2020,6/30/20,EM_FWOR,WHWO,JGD,EMFWOR_NLILT3-04A_2020,NLILT3-04A,HTB,EMFWOR_LILT3,EMFWOR_LILT3-04,311,50,730355,4696043,NAD83 10N,2,N,3,S,PIPO,3.4,65.4,133,120,8.5,
2015,7/8/15,EM_MAOR,WHWO,RLM,EMMAOR_NELKT2-04A_2015,NELKT2-04A,OHTB,Incidental,Incidental,310,54,384706.386,4890782.743,NAD83 11N,0.7,O,3,S,PIPO,1.3,55.8,120,110,8.5,Tree top condition = C = CUT STUMP
2017,6/8/17,EM_FWOR,WHWO,JGD,EMFWOR_NCAMC1-10A_2017,NCAMC1-10A,OB,EMFWOR_CAMC1,EMFWOR_CAMC1-10,308,28,734048.834,4675048.08,NAD83 10N,1.5,N,3,S,PIPO,3.9,38,109,230,8.5,
2012,6/18/12,EM_PAID,WHWO,ARK,EMPAID_NB-U02A_2012,NB-U02A,U,EMPAID_B-U,EMPAID_U02,287,31,530819.66,4981275.417,NAD83 11N,3.5,N,2,S,PIPO,7.5,59.8,107,214,8.5,
2018,6/27/18,EM_PAID,WHWO,TCA,EMPAID_NCW-A07A_2018,NCW-A07A,HT,EMPAID_CW-A,EMPAID_A07,96,38,551757.102,4959044.424,NAD83 11N,1.9,N,2,S,PIPO,2.8,26.8,106,278,8.5,
2013,5/31/13,EM_PAID,WHWO,PEJ,EMPAID_N1WS07A_2013,N1WS07A,U,EMPAID_1WS,EMPAID_1WS07,228,55,547569.3312,4967557.139,NAD83 11N,4.6,N,2,S,PIPO,5.6,56.7,62,258,8.5,
2013,6/5/13,EM_PAID,WHWO,JGD,EMPAID_NSG10A_2013,NSG10A,OTB,Incidental,Incidental,121,30,523399.1513,4985907.252,NAD83 11N,2.2,N,4,S,PIPO,2.6,45.4,324,106,8.1,Incidental nest found via tip from PNF MIS crew
2019,7/2/19,EM_MAOR,WHWO,REB,EMMAOR_NRATT1-03A_2019,NRATT1-03A,U,EMMAOR_RATT1,EMMAOR_RATT1-03,110,60,352919.264,4848347.44,NAD83 11N,13.1,N,1,S,PIPO,24.5,82.8,298,67,8,
2016,6/17/16,EM_PAID,WHWO,VAS,EMPAID_NCW-B04A_2016,NCW-B04A,H,EMPAID_CW-B,EMPAID_B04,100,40,552127.301,4957971.349,NAD83 11N,3,N,2,S,PSMEG,4.2,27.2,282,149,8,
2015,6/18/15,EM_MAOR,WHWO,CKL,EMMAOR_NWOLFC2-09A_2015,NWOLFC2-09A,U,EMMAOR_WOLFC2,EMMAOR_WOLFC2-09,75,32,370090.691,4875925.514,NAD83 11N,1.8,N,1,T,JUOC,12.1,55.8,251,252,8,
2015,6/29/15,EM_MAOR,WHWO,CJY,EMMAOR_NCUBT2-10A_2015,NCUBT2-10A,OB,EMMAOR_CUBT2,EMMAOR_CUBT2-10,288,33,346153.224,4887334.899,NAD83 11N,3.5,N,2,S,PIPO,5.25,24.9,90,258,8,
2019,6/17/19,EM_MAOR,WHWO,TES,EMMAOR_NPAWT1-01A_2019,NPAWT1-01A,OB,Incidental,Incidental,135,36,348353.094,4885871.669,NAD83 11N,2,N,2,S,PIPO,3.2,66,291,138,7.9,
2014,6/23/14,EM_PAID,WHWO,JFH,EMPAID_NCW-D06A_2014,NCW-D06A,H,EMPAID_CW-D,EMPAID_D06,256,36,548769.269,4956245.75,NAD83 11N,3.3,N,2,S,PIPO,3.5,28,76,266,7.9,
2015,5/28/15,EM_PAID,WHWO,JGD,EMPAID_NCW-A01A_2015,NCW-A01A,U,EMPAID_CW-A,EMPAID_A01,266,40,551476.921,4959454.632,NAD83 11N,2.2,N,2,S,PIPO,3.75,27.4,31,230,7.75,
2012,6/29/12,EM_PAID,WHWO,DJH,EMPAID_NB-T08A_2012,NB-T08A,H,EMPAID_B-T,EMPAID_T08,174,63,522358.876,4983628.91,NAD83 11N,2.5,N,2,S,PIPO,3.2,22.6,48,238,7.6,
2014,5/30/14,EM_MAOR,WHWO,JGD,EMMAOR_NPAWT1-10A_2014,NPAWT1-10A,U,EMMAOR_PAWT1,EMMAOR_PAWT1-10,44,10,348915.706,4881850.747,NAD83 11N,2.4,N,2,S,PIPO,6.8,28,220,166,7.5,
2014,6/25/14,EM_MAOR,WHWO,DJH,EMMAOR_NCUBT1-10A_2014,NCUBT1-10A,OB,EMMAOR_CUBT1,EMMAOR_CUBT1-10,143,31,347767.369,4888749.091,NAD83 11N,1.4,N,2,S,PIPO,2,28.4,135,60,7.3,
2018,5/23/18,EM_PAID,WHWO,TCA,EMPAID_NCW-A04A_2018,NCW-A04A,HTB,EMPAID_CW-A,EMPAID_A04,163,38,550719.628,4958475.82,NAD83 11N,1.3,N,2,S,PIPO,2.8,24.1,339,205,7.1,
2018,6/19/18,EM_FWOR,WHWO,MEB,EMFWOR_NMUDT1-05A_2018,NMUDT1-05A,U,EMFWOR_MUDT1,EMFWOR_MUDT1-05,20,42,728264.557,4683067.425,NAD83 10N,2.5,N,2,S,POTR5,4.2,39.1,232,358,7.1,
2015,5/28/15,EM_FWOR,WHWO,PEJ,EMFWOR_NSWRC2-10A_2015,NSWRC2-10A,U,Incidental,Incidental,999,999,733979.221,4662771.227,NAD83 10N,2.3,N,2,S,PIPO,3.5,101,158,94,7.1,
2018,6/5/18,EM_FWOR,WHWO,JRK,EMFWOR_NCAMC1-09A_2018,NCAMC1-09A,OB,EMFWOR_CAMC1,EMFWOR_CAMC1-09,324,27,734142.735,4674992.744,NAD83 10N,2.5,N,2,S,ABCO,3.5,47.1,141,19,7.1,
2015,6/22/15,EM_MAOR,WHWO,RLM,EMMAOR_NRATT1-02A_2015,NRATT1-02A,U,EMMAOR_RATT1,EMMAOR_RATT1-02,134,36,352713.693,4848679.363,NAD83 11N,2.5,N,2,T,JUOC,7.6,32.9,332,83,7,
2015,6/9/15,EM_PAID,WHWO,DMD,EMPAID_NB-T02A_2015,NB-T02A,U,EMPAID_B-T,EMPAID_T02,147,38,522081.734,4985307.952,NAD83 11N,1.3,N,2,S,PIPO,1.8,29.5,331,111,7,
2017,6/13/17,EM_PAID,WHWO,TCA,EMPAID_NCW-A03A_2017,NCW-A03A,HT,EMPAID_CW-A,EMPAID_A03,119,38,550748.206,4958841.687,NAD83 11N,2,N,2,S,PIPO,12.4,53.6,272,69,7,
2015,6/15/15,EM_PAID,WHWO,ALG,EMPAID_NWRF-L08A_2015,NWRF-L08A,HT,EMPAID_WRF-L,EMPAID_L08,121,24,548317.937,4971638.122,NAD83 11N,2.5,N,2,S,PIPO,3,41.6,263,120,7,
2019,7/1/19,EM_MAOR,WHWO,REB,EMMAOR_NFLAGC2-03A_2019,NFLAGC2-03A,OTB,EMMAOR_FLAGC2,EMMAOR_FLAGC2-03,98,68,393393.585,4892277.049,NAD83 11N,6,N,1,S,PIPO,17.2,77.7,262,188,7,
2012,6/15/12,EM_PAID,WHWO,JGD,EMPAID_NSG10A_2012,NSG10A,OTB,Incidental,Incidental,102,38,523512.26,4985816.999,NAD83 11N,5.4,N,2,S,PIPO,6.6,47,262,66,7,Incidental nest found via tip from PNF MIS crew
2017,6/23/17,EM_PAID,WHWO,HGS,EMPAID_N1WS09A_2017,N1WS09A,HTB,EMPAID_1WS,EMPAID_1WS09,82,31,546363.336,4968014.082,NAD83 11N,2.6,N,2,S,PIPO,3.3,43.6,248,227,7,
2014,6/18/14,EM_MAOR,WHWO,RLM,EMMAOR_NFLAGC1-06A_2014,NFLAGC1-06A,U,EMMAOR_FLAGC1,EMMAOR_FLAGC1-06,20,15,390742.391,4898747.286,NAD83 11N,3.3,N,1,T,JUOC,11.8,69.9,200,207,7,
2015,6/16/15,EM_MAOR,WHWO,CJY,EMMAOR_NPAWT1-08A_2015,NPAWT1-08A,OT,EMMAOR_PAWT1,EMMAOR_PAWT1-08,62,35,349865.329,4882589.179,NAD83 11N,1.5,O,1,L,PIPO,2,68.4,178,232,7,
2014,5/30/14,EM_MAOR,WHWO,JGD,EMMAOR_NELKT3-03A_2014,NELKT3-03A,OTB,EMMAOR_ELKT3,EMMAOR_ELKT3-03,333,15,381515.93,4891692.458,NAD83 11N,6.9,N,2,S,PIPO,7.1,105,175,258,7,
2019,6/28/19,EM_MAOR,WHWO,MEW,EMMAOR_NUPCB1-03A_2019,NUPCB1-03A,HT,Incidental,Incidental,337,27,358395.156,4853478.741,NAD83 11N,3,N,2,S,PIPO,4.8,29.6,121,291,7,
2015,6/17/15,EM_PAID,WHWO,ACC,EMPAID_NB-U05A_2015,NB-U05A,U,EMPAID_B-U,EMPAID_U05,272,57,529553.243,4980656.013,NAD83 11N,3.8,N,2,S,PIPO,4.5,44.9,52,316,7,
2019,6/18/19,EM_MAOR,WHWO,REB,EMMAOR_NWOLFC2-09A_2019,NWOLFC2-09A,U,EMMAOR_WOLFC2,EMMAOR_WOLFC2-09,230,35,370013.19,4876046.62,NAD83 11N,2.1,N,0,T,JUOC,9.4,36.7,34,28,7,
2016,6/13/16,EM_MAOR,WHWO,VLM,EMMAOR_NWOLFTB1-06A_2016,NWOLFTB1-06A,OT,EMMAOR_WOLFTB1,EMMAOR_WOLFTB1-06,350,15,365000.362,4884821.049,NAD83 11N,1.3,N,2,S,ABCO,1.8,43,20,30,7,
2012,6/13/12,EM_PAID,WHWO,ARK,EMPAID_NBWC01A_2012,NBWC01A,U,Incidental,Incidental,135,50,529415.98,4992622.232,NAD83 11N,2.2,N,2,S,PIPO,2.6,72.2,232,178,6.6,Incidental nest found near Bear Work Center
2013,5/23/13,EM_PAID,WHWO,ARK,EMPAID_NBWC01A_2013,NBWC01A,U,Incidental,Incidental,135,50,529415.98,4992622.232,NAD83 11N,1.8,N,2,S,PIPO,2.6,72.2,20,178,6.6,"Incidental nest found near Bear Work Center, same tree, new cavity"
2018,6/27/18,EM_FWOR,WHWO,MEB,EMFWOR_NCAMC1-02A_2018,NCAMC1-02A,U,EMFWOR_CAMC1,EMFWOR_CAMC1-02,162,20,735854.022,4674500.782,NAD83 10N,5.2,N,3,S,PIPO,6,109.8,300,99,6.5,
2019,6/13/19,EM_FWOR,WHWO,DCI,EMFWOR_NCAMC1-02A_2019,NCAMC1-02A,U,EMFWOR_CAMC1,EMFWOR_CAMC1-02,42,23,735854.022,4674500.782,NAD83 10N,4.6,N,3,S,PIPO,6,109.8,218,99,6.5,
2015,6/18/15,EM_MAOR,WHWO,KEA,EMMAOR_NFLAGC1-02A_2015,NFLAGC1-02A,U,EMMAOR_FLAGC1,EMMAOR_FLAGC1-02,69,43,390793.838,4899518.43,NAD83 11N,1.8,N,2,L,PIPO,6,62,200,350,6.5,
2019,6/7/19,EM_PAID,WHWO,JAB,EMPAID_NCW-A07A_2019,NCW-A07A,HT,EMPAID_CW-A,EMPAID_A07,100,27,551852.804,4959088.629,NAD83 11N,1.7,N,2,S,PSMEG,2.1,32.3,134,239,6.5,
2014,6/5/14,EM_MAOR,WHWO,PEJ,EMMAOR_NELKT1-10A_2014,NELKT1-10A,U,EMMAOR_ELKT1,EMMAOR_ELKT1-10,16,50,383705.438,4885427.175,NAD83 11N,3.9,N,2,S,ABGR,5.4,65,185,122,6.4,
2014,6/23/14,EM_MAOR,WHWO,DJH,EMMAOR_NPRONGC2-01A_2014,NPRONGC2-01A,OTB,EMMAOR_PRONGC2,EMMAOR_PRONGC2-01,133,25,352351.852,4887613.343,NAD83 11N,1.3,N,2,S,PIPO,1.8,29,317,218,6.3,
2021,7/1/21,EM_MAOR,WHWO,TES,EMMAOR_NELKT2-01A_2021,NELKT2-01A,HTB,EMMAOR_ELKT2,EMMAOR_ELKT2-01A,250,81,387253,4893917,NAD83 11N,3,N,1,S,POTR5,14.5,25.6,76,78,6.3,
2015,6/18/15,EM_PAID,WHWO,ALG,EMPAID_NSG09A_2015,NSG09A,OTB,Incidental,Incidental,188,40,523410.16,4986202.024,NAD83 11N,4,N,1,S,PIPO,16,50.8,345,158,6,
2018,6/14/18,EM_FWOR,WHWO,TSD,EMFWOR_NCAMC7-06A_2018,NCAMC7-06A,U,EMFWOR_CAMC7,EMFWOR_CAMC7-06,137,32,730511.661,4676215.028,NAD83 10N,7.5,N,0,T,POTR5,13,28.3,272,310,6,
2015,5/26/15,EM_MAOR,WHWO,JLN,EMMAOR_NPRONGC2-01A_2015,NPRONGC2-01A,OTB,EMMAOR_PRONGC2,EMMAOR_PRONGC2-01,72,40,352339.482,4887461.483,NAD83 11N,1.65,N,2,S,PIPO,2,28.9,244,242,6,
2019,6/13/19,EM_MAOR,WHWO,DHK,EMMAOR_NPRONGC2-08A_2019,NPRONGC2-08A,OB,EMMAOR_PRONGC2,EMMAOR_PRONGC2-08,52,25,353234.03,4887485.011,NAD83 11N,2.4,N,2,S,PIPO,2.7,20,232,290,6,
2019,6/13/19,EM_MAOR,WHWO,DHK,EMMAOR_NPRONGC2-01A_2019,NPRONGC2-01A,OTB,EMMAOR_PRONGC2,EMMAOR_PRONGC2-01,54,20,352375.871,4887585.366,NAD83 11N,1.7,N,3,S,PIPO,2.1,33.4,215,188,6,
2017,6/19/17,EM_PAID,WHWO,JWH,EMPAID_NB-T10A_2017,NB-T10A,HB,EMPAID_B-T,EMPAID_T10,36,41,521729.21,4983181.896,NAD83 11N,4,N,3,S,PIPO,4.2,32.1,204,176,6,
2019,6/20/19,EM_MAOR,WHWO,DJH,EMMAOR_NCUBT2-08A_2019,NCUBT2-08A,HB,EMMAOR_CUBT2,EMMAOR_CUBT2-08,306,72,346130.672,4887726.859,NAD83 11N,2.2,N,2,S,PIPO,9.1,49,148,260,6,
2014,5/23/14,EM_PAID,WHWO,JFH,EMPAID_NB-U01A_2014,NB-U01A,U,EMPAID_B-U,EMPAID_U01,352,43,529391.567,4981977.634,NAD83 11N,2,N,2,S,PIPO,2.3,28.1,145,348,6,
2013,6/17/13,EM_PAID,WHWO,ARK,EMPAID_NB-U01A_2013,NB-U01A,U,EMPAID_B-U,EMPAID_U01,999,999,529849.6152,4981770.052,NAD83 11N,1.8,N,2,S,PIPO,2,33.9,139,52,6,No bearing tree data
2014,6/18/14,EM_MAOR,WHWO,PEJ,EMMAOR_NPRONGC1-09A_2014,NPRONGC1-09A,U,EMMAOR_PRONGC1,EMMAOR_PRONGC1-09,282,45,352772.952,4884089.037,NAD83 11N,1.5,N,2,S,PIPO,1.8,74.3,126,206,6,Tree top condition = C = CUT STUMP
2015,6/16/15,EM_MAOR,WHWO,RLM,EMMAOR_NWOLFTB4-10A_2015,NWOLFTB4-10A,U,EMMAOR_WOLFTB4,EMMAOR_WOLFTB4-10,290,61,364839.246,4880841.728,NAD83 11N,1.2,O,2,S,PIPO,1.6,34,108,110,6,
2014,6/17/14,EM_MAOR,WHWO,PEJ,EMMAOR_NWOLFTB4-10A_2014,NWOLFTB4-10A,U,EMMAOR_WOLFTB4,EMMAOR_WOLFTB4-10,290,40,364838.131,4880838.685,NAD83 11N,1.2,O,2,S,PIPO,1.6,34,108,110,6,
2014,6/11/14,EM_PAID,WHWO,JGD,EMPAID_NSG08A_2014,NSG08A,OB,Incidental,Incidental,260,45,523508.656,4986648.726,NAD83 11N,16,N,1,S,PIPO,23,34,89,74,6,
2017,5/23/17,EM_MAOR,WHWO,LMH,EMMAOR_NDUGC1-06A_2017,NDUGC1-06A,U,Incidental,Incidental,255,22,390400.722,4893620.775,NAD83 11N,2.75,N,0,T,JUOC,9.7,75.5,72,264,6,
2019,6/17/19,EM_MAOR,WHWO,DHK,EMMAOR_NPAWT1-09A_2019,NPAWT1-09A,HBT,EMMAOR_PAWT1,EMMAOR_PAWT1-09,237,38,349653.836,4882294.659,NAD83 11N,5.4,N,2,S,PIPO,6.6,32.9,48,218,6,
2016,6/23/16,EM_PAID,WHWO,TCA,EMPAID_NB-T01A_2016,NB-T01A,HB,EMPAID_B-T,EMPAID_T01,220,46,522468.361,4985622.447,NAD83 11N,1.4,N,2,S,PIPO,2.9,38.5,28,48,6,
2015,5/20/15,EM_PAID,WHWO,ALG,EMPAID_NB-U01A_2015,NB-U01A,U,EMPAID_B-U,EMPAID_U01,185,50,529841.622,4981781.218,NAD83 11N,1.4,N,2,S,PIPO,1.75,24.4,16,66,6,
2012,5/24/12,EM_PAID,WHWO,ARK,EMPAID_NLC-R10A_2012,NLC-R10A,OB,EMPAID_LC-R,EMPAID_R10,128,56,530751.989,4983204.262,NAD83 11N,1.6,N,2,S,PIPO,2.1,33.9,310,287,5.8,
2017,6/28/17,EM_FWOR,WHWO,JGD,EMFWOR_NLILT3-10A_2017,NLILT3-10A,HT,EMFWOR_LILT3,EMFWOR_LILT3-10,54,15,731286.483,4696186.746,NAD83 10N,2.6,N,2,S,PIPO,4.2,41,252,166,5.8,
2019,6/11/19,EM_MAOR,WHWO,MEW,EMMAOR_NUPCA1-01A_2019,NUPCA1-01A,U,Incidental,Incidental,47,38,363857.996,4850402.589,NAD83 11N,3,N,3,S,PIPO,7.1,115.1,170,247,5.8,
2014,6/18/14,EM_MAOR,WHWO,DJH,EMMAOR_NFLAGC1-05A_2014,NFLAGC1-05A,U,EMMAOR_FLAGC1,EMMAOR_FLAGC1-05,264,29,390617.626,4899217.61,NAD83 11N,6.3,N,2,S,PIPO,6.7,44.1,109,245,5.8,
2019,6/19/19,EM_MAOR,WHWO,REB,EMMAOR_NELKT2-05A_2019,NELKT2-05A,H,EMMAOR_ELKT2,EMMAOR_ELKT2-05,239,45,387659.259,4892338.555,NAD83 11N,1.1,N,3,S,PIPO,1.6,51.2,49,126,5.8,
2014,6/24/14,EM_MAOR,WHWO,DJH,EMMAOR_NSAGEC1-02A_2014,NSAGEC1-02A,U,EMMAOR_SAGEC1,EMMAOR_SAGEC1-02,250,11,329134.88,4857550.775,NAD83 11N,1.4,N,3,L,PIPO,2.1,40.1,28,332,5.8,dbh = diameter of root-log at cavity
2015,5/22/15,EM_PAID,WHWO,ARK,EMPAID_NCW-D04A_2015,NCW-D04A,U,EMPAID_CW-D,EMPAID_D04,196,40,548322.704,4956021.103,NAD83 11N,4,N,2,S,PIPO,5,50.8,6,323,5.8,
2014,6/16/14,EM_MAOR,WHWO,PEJ,EMMAOR_NPAWT1-05A_2014,NPAWT1-05A,U,EMMAOR_PAWT1,EMMAOR_PAWT1-05,158,38,348636.858,4882517.322,NAD83 11N,1.8,N,2,S,PIPO,4.4,27,330,150,5.7,
2014,7/16/14,EM_MAOR,WHWO,DJH,EMMAOR_NRATT1-01A_2014,NRATT1-01A,OT,EMMAOR_RATT1,EMMAOR_RATT1-01,120,22,352594.087,4849213.193,NAD83 11N,1.6,N,3,S,PIPO,2.2,60.1,285,139,5.7,
2018,5/30/18,EM_FWOR,WHWO,JRK,EMFWOR_NLILT3-10A_2018,NLILT3-10A,HT,EMFWOR_LILT3,EMFWOR_LILT3-10,290,33,731275.3,4696079.92,NAD83 10N,1.5,N,3,S,PIPO,3.8,85.6,113,80,5.7,
2019,6/25/19,EM_MAOR,WHWO,DJH,EMMAOR_NSAGEC1-08A_2019,NSAGEC1-08A,OHTB,EMMAOR_SAGEC1,EMMAOR_SAGEC1-08,256,15,330529.985,4856206.835,NAD83 11N,1.5,N,2,S,PIPO,2,18,92,92,5.7,
2016,6/30/16,EM_MAOR,WHWO,KNB,EMMAOR_NRATT1-07A_2016,NRATT1-07A,U,EMMAOR_RATT1,EMMAOR_RATT1-07,176,15,353534.287,4847730.361,NAD83 11N,1.8,N,0,T,JUOC,9.1,28,356,20,5,
2019,6/17/19,EM_FWOR,WHWO,DCI,EMFWOR_NSWRC3-03A_2019,NSWRC3-03A,U,EMFWOR_SWRC3,EMFWOR_SWRC3-03,181,35,738257.193,4659559.049,NAD83 10N,3.2,N,2,S,PIPO,16.8,64.4,342,300,5,
2013,5/10/13,EM_PAID,WHWO,ARK,EMPAID_NCW-D10A_2013,NCW-D10A,U,EMPAID_CW-D,EMPAID_D10,136,30,549355.0289,4955879.38,NAD83 11N,3.6,N,2,S,PIPO,4.6,39.4,330,170,5,
2016,6/30/16,EM_FWOR,WHWO,JAG,EMFWOR_NCAMC4-07A_2016,NCAMC4-07A,U,EMFWOR_CAMC4,EMFWOR_CAMC4-07,160,69,731297.83,4672241.124,NAD83 10N,1.7,N,1,S,POTR5,11.5,22.3,322,136,5,
2016,5/19/16,EM_PAID,WHWO,AMK,EMPAID_NLC05A_2016,NLC05A,OB,EMPAID_LC,EMPAID_LC05,40,32,530800.825,4982990.133,NAD83 11N,1.6,N,3,S,PIPO,2.8,35,230,52,5,
2020,6/30/20,EM_FWOR,WHWO,JAB,EMFWOR_NLILT1-07A_2020,NLILT1-07A,HT,EMFWOR_LILT1,EMFWOR_LILT1-07,38,37,729508,4700434,NAD83 10N,2.6,N,2,S,POTR5,10.4,39.8,204,55,5,
2019,7/5/19,EM_FWOR,WHWO,DCI,EMFWOR_NLILT1-07A_2019,NLILT1-07A,HT,EMFWOR_LILT1,EMFWOR_LILT1-07,2,38,729458.748,4700330.137,NAD83 10N,4.2,N,0,T,POTR5,14.4,41.8,197,62,5,
2017,6/15/17,EM_MAOR,WHWO,JRK,EMMAOR_NCLIFFC1-08A_2017,NCLIFFC1-08A,U,EMMAOR_CLIFFC1,EMMAOR_CLIFFC1-08,358,43,373075.225,4880340.346,NAD83 11N,3.6,N,0,T,JUOC,6.6,76.1,160,270,5,
2019,6/14/19,EM_MAOR,WHWO,DHK,EMMAOR_NCLIFFC1-08A_2019,NCLIFFC1-08A,U,EMMAOR_CLIFFC1,EMMAOR_CLIFFC1-08,0,43,373075.225,4880340.346,NAD83 11N,3.6,O,0,T,JUOC,6.6,76.1,160,270,5,
2019,6/18/19,EM_MAOR,WHWO,DHK,EMMAOR_NWOLFC1-03A_2019,NWOLFC1-03A,U,EMMAOR_WOLFC1,EMMAOR_WOLFC1-03,292,25,367147.885,4879574.644,NAD83 11N,2.4,N,3,S,PIPO,2.9,48.8,111,160,5,
2013,6/13/13,EM_PAID,WHWO,ARK,EMPAID_NBR04A_2013,NBR04A,U,EMPAID_BR,EMPAID_BR04,305,20,525405.3746,4988676.406,NAD83 11N,1.2,N,2,S,PIPO,3.7,81.1,108,242,5,
2015,5/8/15,EM_PAID,WHWO,KAR,EMPAID_NSG10A_2015,NSG10A,OTB,Incidental,Incidental,251,43,523299.254,4986047.809,NAD83 11N,1.9,N,1,S,PIPO,22.5,53.8,76,182,5,
2019,7/3/19,EM_FWOR,WHWO,PAH,EMFWOR_NCAMC1-09A_2019,NCAMC1-09A,OB,EMFWOR_CAMC1,EMFWOR_CAMC1-09,265,29,734212.835,4674900.093,NAD83 10N,2,N,3,S,PIPO,2.5,36.8,63,0,5,
2016,6/28/16,EM_MAOR,WHWO,BDG,EMMAOR_NDUGC1-10A_2016,NDUGC1-10A,U,EMMAOR_DUGC1,EMMAOR_DUGC1-10,245,15,392209.915,4895522.643,NAD83 11N,1.3,N,0,T,JUOC,10.2,36.8,58,250,5,
2021,7/6/21,EM_MAOR,WHWO,CPL,EMMAOR_NPAWT1-08A_2021,NPAWT1-08A,U,EMMAOR_PAWT1,EMMAOR_PAWT1-08A,184,11,350163,4882643,NAD83 11N,5,N,0,T,JUOC,14.3,36.6,51,226,5,
2016,5/25/16,EM_PAID,WHWO,DJR,EMPAID_NSF02A_2016,NSF02A,H,EMPAID_SF,EMPAID_SF02,286,40,550504.649,4956764.463,NAD83 11N,2.2,N,2,S,PIPO,6.1,38.1,141,337,4.8,
2019,6/10/19,EM_FWOR,WHWO,AAC,EMFWOR_NCAMC2-10A_2019,NCAMC2-10A,U,EMFWOR_CAMC2,EMFWOR_CAMC2-10,272,6,734033.352,4673375.115,NAD83 10N,3.9,O,3,S,PIPO,11.8,45.5,82,351,4.8,
2018,6/5/18,EM_FWOR,WHWO,JRK,EMFWOR_NCAMC2-10A_2018,NCAMC2-10A,U,EMFWOR_CAMC2,EMFWOR_CAMC2-10,270,27,734033.352,4673375.115,NAD83 10N,3.9,N,3,S,PIPO,11.8,45.5,82,351,4.8,
2016,5/21/16,EM_PAID,WHWO,ARK,EMPAID_NB-U01A_2016,NB-U01A,U,EMPAID_B-U,EMPAID_U01,304,31,529699.566,4981856.285,NAD83 11N,4.3,N,2,S,PIPO,4.7,47.1,169,123,4.7,
2019,5/17/19,EM_PAID,WHWO,ALL,EMPAID_NCW-A04A_2019,NCW-A04A,HTB,EMPAID_CW-A,EMPAID_A04,45,27,550785.284,4958579.188,NAD83 11N,2.5,N,2,S,PIPO,2.9,34,258,170,4.5,
2012,6/20/12,EM_PAID,WHWO,ARK,EMPAID_NCW-D09A_2012,NCW-D09A,U,EMPAID_CW-D,EMPAID_D09,345,76,548817.118,4955986.319,NAD83 11N,6.6,N,2,S,PIPO,7.1,32,170,191,4.5,Nest on Potlatch land
2014,5/22/14,EM_PAID,WHWO,JFH,EMPAID_NLC-R09A_2014,NLC-R09A,OB,EMPAID_LC-R,EMPAID_R09,119,35,530898.009,4983362.481,NAD83 11N,1.1,N,2,S,PIPO,1.9,27.3,309,304,4.25,
2018,6/20/18,EM_PAID,WHWO,JRK,EMPAID_NB-T01A_2018,NB-T01A,HB,EMPAID_B-T,EMPAID_T01,172,52,522877.664,4985720.725,NAD83 11N,3.7,N,2,S,PIPO,4.5,53,338,54,4.2,
2016,6/24/16,EM_FWOR,WHWO,NSD,EMFWOR_NSWRC3-09A_2016,NSWRC3-09A,U,EMFWOR_SWRC3,EMFWOR_SWRC3-09,25,55,738426.913,4660909.512,NAD83 10N,10.9,N,2,S,PIPO,15.5,83.3,198,288,4.2,
2015,6/5/15,EM_FWOR,WHWO,JGD,EMFWOR_NMUDT1-05A_2015,NMUDT1-05A,U,EMFWOR_MUDT1,EMFWOR_MUDT1-05,57,35,728522.566,4683118.158,NAD83 10N,7.5,N,1,S,POTR5,13.5,31.8,188,318,4.2,
2016,6/22/16,EM_FWOR,WHWO,JGD,EMFWOR_NMUDT1-05A_2016,NMUDT1-05A,U,EMFWOR_MUDT1,EMFWOR_MUDT1-05,57,35,728522.566,4683118.158,NAD83 10N,7.5,O,1,S,POTR5,13.5,31.8,188,318,4.2,
2018,6/4/18,EM_FWOR,WHWO,MEB,EMFWOR_NSWRC3-04A_2018,NSWRC3-04A,U,Incidental,Incidental,2,15,740282.109,4658624.905,NAD83 10N,2.3,N,1,S,POTR5,11.4,23.8,188,26,4.2,
2017,6/23/17,EM_PAID,WHWO,JGD,EMPAID_NSG10A_2017,NSG10A,OTB,Incidental,Incidental,338,13,523467.229,4986039.328,NAD83 11N,2.5,N,2,S,PIPO,4.2,45,145,208,4.2,
2015,6/16/15,EM_FWOR,WHWO,PEJ,EMFWOR_NSWRC3-09A_2015,NSWRC3-09A,U,EMFWOR_SWRC3,EMFWOR_SWRC3-09,297,48,738426.913,4660909.512,NAD83 10N,7.3,N,2,S,PIPO,15.5,83.3,112,288,4.2,
2017,6/23/17,EM_FWOR,WHWO,REK,EMFWOR_NCAMC1-01A_2017,NCAMC1-01A,U,EMFWOR_CAMC1,EMFWOR_CAMC1-01,320,23,736049.868,4674165.093,NAD83 10N,4.5,N,1,S,PIPO,18.5,56,140,35,4.1,
2017,6/30/17,EM_MAOR,WHWO,JHT,EMMAOR_NRATT1-03A_2017,NRATT1-03A,U,EMMAOR_RATT1,EMMAOR_RATT1-03,108,29,352797.908,4848063.592,NAD83 11N,1.9,N,0,T,JUOC,9.1,21.7,274,56,4,
2015,5/19/15,EM_PAID,WHWO,ACC,EMPAID_NBWC01A_2015,NBWC01A,U,Incidental,Incidental,999,999,529472.012,4992309.81,NAD83 11N,2.1,N,3,S,PIPO,3.1,75.6,204,182,4,
2017,5/31/17,EM_MAOR,WHWO,NSM,EMMAOR_NELKT2-06A_2017,NELKT2-06A,U,EMMAOR_ELKT2,EMMAOR_ELKT2-06,334,29,387928.098,4891950.203,NAD83 11N,2,N,2,S,PIPO,3.1,19.9,148,96,4,
2017,6/16/17,EM_MAOR,WHWO,JRK,EMMAOR_NDUGC1-10A_2017,NDUGC1-10A,U,EMMAOR_DUGC1,EMMAOR_DUGC1-10,266,35,392417.315,4895331.869,NAD83 11N,12.1,N,1,S,PSME,19.2,50.9,93,2,4,
2016,6/3/16,EM_MAOR,WHWO,VLM,EMMAOR_NPAWT1-03A_2016,NPAWT1-03A,H,EMMAOR_PAWT1,EMMAOR_PAWT1-03,220,40,349106.633,4883555.622,NAD83 11N,1.2,N,1,S,PIPO,20,29.4,58,251,4,
2018,5/31/18,EM_FWOR,WHWO,JRK,EMFWOR_NCAMC3-08A_2018,NCAMC3-08A,U,EMFWOR_CAMC3,EMFWOR_CAMC3-08,218,13,736788.526,4672348.876,NAD83 10N,3.1,N,1,S,POTR5,12.4,37.9,51,101,4,
2018,6/12/18,EM_FWOR,WHWO,JRK,EMFWOR_NSWRC3-09A_2018,NSWRC3-09A,U,EMFWOR_SWRC3,EMFWOR_SWRC3-09,37,38,738609.202,4661027.134,NAD83 10N,16.3,N,2,S,PIPO,16.5,82.9,215,310,3.6,
2019,6/21/19,EM_MAOR,WHWO,TES,EMMAOR_NFLAGC2-10A_2019,NFLAGC2-10A,OTB,EMMAOR_FLAGC2,EMMAOR_FLAGC2-10,94,23,392967.605,4890340.661,NAD83 11N,7.5,N,2,S,PIPO,8.5,52.4,283,250,3.5,
2016,6/28/16,EM_FWOR,WHWO,NSD,EMFWOR_NCAMC8-06A_2016,NCAMC8-06A,U,EMFWOR_CAMC8,EMFWOR_CAMC8-06,86,17,730136.1,4674072.146,NAD83 10N,3.8,N,2,S,PIPO,25.5,65.4,255,33,3.5,
2015,6/25/15,EM_MAOR,WHWO,CKL,EMMAOR_NRATT1-10A_2015,NRATT1-10A,U,EMMAOR_RATT1,EMMAOR_RATT1-10,52,48,353460.279,4846902.468,NAD83 11N,2,N,1,T,JUOC,6.9,48.6,232,103,3.5,
2017,6/6/17,EM_MAOR,WHWO,LMH,EMMAOR_NRATT1-10A_2017,NRATT1-10A,U,EMMAOR_RATT1,EMMAOR_RATT1-10,52,48,353460.279,4846902.468,NAD83 11N,2,O,0,T,JUOC,6.9,48.6,232,103,3.5,
2018,6/26/18,EM_FWOR,WHWO,MFG,EMFWOR_NSWRC3-03B_2018,NSWRC3-03B,U,EMFWOR_SWRC3,EMFWOR_SWRC3-03,340,5,738313.038,4659500.136,NAD83 10N,6.7,N,0,T,PIPO,26,130.7,214,6,3.5,
2015,6/18/15,EM_MAOR,WHWO,RLM,EMMAOR_NCLIFFC1-08A_2015,NCLIFFC1-08A,U,EMMAOR_CLIFFC1,EMMAOR_CLIFFC1-08,148,44,373076.329,4880370.04,NAD83 11N,3.8,N,0,T,JUOC,6.8,48.7,152,268,3.5,
2015,6/24/15,EM_MAOR,WHWO,JLN,EMMAOR_NPAWT1-05A_2015,NPAWT1-05A,U,EMMAOR_PAWT1,EMMAOR_PAWT1-05,263,55,348535.365,4882608.059,NAD83 11N,0.7,N,1,S,PIPO,14,37.1,65,175,3.5,
2012,6/14/12,EM_PAID,WHWO,JGD,EMPAID_NB-T10A_2012,NB-T10A,U,EMPAID_B-T,EMPAID_T10,247,23,521801.657,4982739.367,NAD83 11N,2.6,N,1,S,PIPO,6,24.3,65,44,3.5,
2019,6/18/19,EM_MAOR,WHWO,DJH,EMMAOR_NWOLFC1-08A_2019,NWOLFC1-08A,U,EMMAOR_WOLFC1,EMMAOR_WOLFC1-08,220,15,368660.357,4879054.458,NAD83 11N,3.5,N,0,T,JUOC,8.8,43.1,40,210,3.5,
2019,6/17/19,EM_FWOR,WHWO,DCI,EMFWOR_NSWRC3-09A_2019,NSWRC3-09A,U,EMFWOR_SWRC3,EMFWOR_SWRC3-09,196,10,738530.636,4661148.149,NAD83 10N,2.9,N,2,S,PIPO,11.7,87.9,24,346,3.5,
2015,6/22/15,EM_MAOR,WHWO,CJY,EMMAOR_NSAGEC1-10B_2015,NSAGEC1-10B,OTB,EMMAOR_SAGEC1,EMMAOR_SAGEC1-10,198,15,330264.429,4857145.252,NAD83 11N,3.35,N,0,T,JUOC,9.8,50,0,178,3.5,
2018,6/6/18,EM_FWOR,WHWO,JRK,EMFWOR_NPINT1-03A_2018,NPINT1-03A,HT,EMFWOR_PINT1,EMFWOR_PINT1-03,0,8,731016.747,4687980.468,NAD83 10N,6.1,N,2,S,POTR5,11.1,44.1,180,235,3.4,
2019,6/6/19,EM_MAOR,WHWO,REB,EMMAOR_NPRONGC1-01A_2019,NPRONGC1-01A,OB,Incidental,Incidental,95,57,349668.933,4886769.837,NAD83 11N,1.7,N,2,S,PIPO,2.6,73.2,283,170,3.2,
2018,6/27/18,EM_FWOR,WHWO,MFG,EMFWOR_NCAMC4-01A_2018,NCAMC4-01A,B,EMFWOR_CAMC4,EMFWOR_CAMC4-01,201,30,730466.081,4670801.226,NAD83 10N,3.1,N,2,S,POTR5,12.1,38.6,2,130,3.2,
2013,6/11/13,EM_PAID,WHWO,ARK,EMPAID_NPM09A_2013,NPM09A,OB,Incidental,Incidental,47,45,527684.6598,4968624.152,NAD83 11N,2.6,N,2,S,PIPO,3.1,31.2,234,98,3.1,Incidental nest found via tip from PNF MIS crew
2013,6/19/13,EM_PAID,WHWO,ARK,EMPAID_NCR07A_2013,NCR07A,HT,Incidental,Incidental,20,18,526823.504,4974737.136,NAD83 11N,1.5,N,1,L,PIPO,1.8,64,999,160,3,"Incidental nest found via tip from PNF MIS crew; Nest in same log, faces slightly S and down at ground; dbh from LED, class 1 log"
2012,6/14/12,EM_PAID,WHWO,DJH,EMPAID_NCR07A_2012,NCR07A,HT,Incidental,Incidental,20,18,526823.504,4974737.136,NAD83 11N,1.1,O,1,L,PIPO,1.8,64,999,160,3,"Incidental nest found via tip from PNF MIS crew; Nest in log faces down at ground; dbh from LED, class 1 log"
2019,6/28/19,EM_MAOR,WHWO,REB,EMMAOR_NUPCA1-04A_2019,NUPCA1-04A,U,EMMAOR_UPCA1,EMMAOR_UPCA1-04,63,26,363954.422,4848514.275,NAD83 11N,1.8,N,2,S,PIPO,2.3,38.4,302,115,3,
2019,6/19/19,EM_MAOR,WHWO,REB,EMMAOR_NELKT2-10A_2019,NELKT2-10A,HT,EMMAOR_ELKT2,EMMAOR_ELKT2-10,88,53,388875.509,4891555.433,NAD83 11N,3,N,1,S,POTR5,16.2,28.9,277,121,3,
2017,6/8/17,EM_MAOR,WHWO,NSM,EMMAOR_NUPCB1-07A_2017,NUPCB1-07A,U,EMMAOR_UPCB1,EMMAOR_UPCB1-07,48,30,362828.866,4852252.149,NAD83 11N,2.9,N,0,T,JUOC,7.4,34.3,226,275,3,
2019,6/28/19,EM_MAOR,WHWO,TES,EMMAOR_NUPCB1-07A_2019,NUPCB1-07A,U,EMMAOR_UPCB1,EMMAOR_UPCB1-07,48,30,362828.866,4852252.149,NAD83 11N,2.9,O,0,T,JUOC,7.4,34.3,226,275,3,
2019,7/3/19,EM_MAOR,WHWO,DJH,EMMAOR_NPAWT1-05A_2019,NPAWT1-05A,HBT,EMMAOR_PAWT1,EMMAOR_PAWT1-05,21,23,348526.588,4882486.381,NAD83 11N,1.8,N,2,S,PIPO,3.2,22.3,188,44,3,
2015,6/8/15,EM_MAOR,WHWO,RLM,EMMAOR_NFLAGC2-10A_2015,NFLAGC2-10A,OTB,EMMAOR_FLAGC2,EMMAOR_FLAGC2-10,340,32,393085.872,4890222.922,NAD83 11N,1.95,N,2,S,JUOC,14.4,44,182,75,3,
2017,6/24/17,EM_MAOR,WHWO,JHT,EMMAOR_NWOLFC1-01A_2017,NWOLFC1-01A,U,EMMAOR_WOLFC1,EMMAOR_WOLFC1-01,325,30,367088.285,4879992.787,NAD83 11N,1.75,N,0,T,JUOC,15.5,84.5,160,306,3,
2016,6/22/16,EM_MAOR,WHWO,VLM,EMMAOR_NUPCA1-04A_2016,NUPCA1-04A,U,EMMAOR_UPCA1,EMMAOR_UPCA1-04,280,34,363895.579,4848506.178,NAD83 11N,12.5,N,1,S,PIPO,19.9,68.8,127,251,3,
2016,6/9/16,EM_MAOR,WHWO,VLM,EMMAOR_NRATT1-10A_2016,NRATT1-10A,U,EMMAOR_RATT1,EMMAOR_RATT1-10,278,23,353431.286,4846748.238,NAD83 11N,1.5,N,0,T,JUOC,10.3,35,109,86,3,
2013,7/3/13,EM_PAID,WHWO,JGD,EMPAID_NB-T10A_2013,NB-T10A,H,EMPAID_B-T,EMPAID_T10,999,999,521970.0833,4982616.533,NAD83 11N,2,N,2,S,PIPO,3,37.2,99,208,3,No bearing tree data
2013,6/6/13,EM_PAID,WHWO,JGD,EMPAID_NLC04A_2013,NLC04A,OB,EMPAID_LC,EMPAID_LC04,283,54,530845.8808,4983227.27,NAD83 11N,2.3,N,2,S,PIPO,3.3,45.9,69,266,3,
2015,6/17/15,EM_MAOR,WHWO,RLM,EMMAOR_NRATT2-10A_2015,NRATT2-10A,U,EMMAOR_RATT2,EMMAOR_RATT2-10,229,40,351637.604,4844305.754,NAD83 11N,1.9,N,0,T,JUOC,7.2,27.9,49,140,3,
2017,6/29/17,EM_MAOR,WHWO,JRK,EMMAOR_NCLIFFC2-10A_2017,NCLIFFC2-10A,U,EMMAOR_CLIFFC2,EMMAOR_CLIFFC2-10,166,12,376022.398,4877089.051,NAD83 11N,2.9,N,2,S,PIPO,3.4,65.2,24,55,3,
2019,7/1/19,EM_MAOR,WHWO,REB,EMMAOR_NFLAGC2-06A_2019,NFLAGC2-06A,OTB,EMMAOR_FLAGC2,EMMAOR_FLAGC2-06,341,29,393822.573,4891467.987,NAD83 11N,12.3,N,2,S,PIPO,14.7,82.5,19,235,3,
2019,6/5/19,EM_MAOR,WHWO,REB,EMMAOR_NFLAGC1-05A_2019,NFLAGC1-05A,U,EMMAOR_FLAGC1,EMMAOR_FLAGC1-05,189,39,390743.897,4899177.662,NAD83 11N,3.4,N,0,T,JUOC,9.9,83,9,205,3,
2015,5/26/15,EM_FWOR,WHWO,PEJ,EMFWOR_NRIMT1-01A_2015,NRIMT1-01A,U,EMFWOR_RIMT1,EMFWOR_RIMT1-01,2,55,726400.536,4695188.174,NAD83 10N,1.9,O,0,T,POTR5,8.8,32,185,160,2.9,
2021,7/20/21,EM_FWOR,WHWO,CAS,EMFWOR_NLILT1-08A_2021,NLILT1-08A,OAB,EMFWOR_LILT1,EMFWOR_LILT1-08,250,7,729808,4700372,NAD83 10N,2.5,N,2,S,POTR5,3.8,32.8,109,148,2.9,
2020,6/2/20,EM_FWOR,WHWO,TES,EMFWOR_NSWRC3-03A_2020,NSWRC3-03A,U,EMFWOR_SWRC3,EMFWOR_SWRC3-03,284,31,738218,4659661,NAD83 10N,8.7,N,2,S,PIPO,9,40.9,90,297,2.9,
2015,7/6/15,EM_PAID,WHWO,ARK,EMPAID_NWM06A_2015,NWM06A,OBH,Incidental,Incidental,999,999,526272.606,4968415.121,NAD83 11N,0.8,N,2,S,PIPO,1.1,66.1,353,114,2.8,Tree top condition = C = CUT STUMP
2018,6/8/18,EM_FWOR,WHWO,JRK,EMFWOR_NLFTT2-01B_2018,NLFTT2-01B,HT,EMFWOR_LFTT2,EMFWOR_LFTT2-01,136,37,726661.143,4684325.227,NAD83 10N,7.4,N,0,T,POTR5,13.3,35.9,312,62,2.8,
2014,6/24/14,EM_MAOR,WHWO,RLM,EMMAOR_NSAGEC1-10A_2014,NSAGEC1-10A,U,EMMAOR_SAGEC1,EMMAOR_SAGEC1-10,146,24,330101.133,4857092.072,NAD83 11N,0.9,N,2,T,JUOC,8.9,48,290,275,2.8,
2014,7/1/14,EM_MAOR,WHWO,PEJ,EMMAOR_NDUGC1-04A_2014,NDUGC1-04A,U,EMMAOR_DUGC1,EMMAOR_DUGC1-04,122,40,391363.669,4895441.958,NAD83 11N,1.6,N,2,L,PIPO,2,52.1,282,16,2.8,dbh = diameter of log at cavity
2014,5/30/14,EM_MAOR,WHWO,JGD,EMMAOR_NPAWT1-09A_2014,NPAWT1-09A,OT,EMMAOR_PAWT1,EMMAOR_PAWT1-09,14,40,349308.401,4882203.396,NAD83 11N,1,N,2,S,PIPO,2.8,25,232,0,2.8,
2021,6/17/21,EM_MAOR,WHWO,JGD,EMMAOR_NELKT2-02A_2021,NELKT2-02A,HB,EMMAOR_ELKT2,EMMAOR_ELKT2-02A,76,17,387138,4892693,NAD83 11N,1.6,N,1,S,PIPO,13,36.1,224,63,2.8,
2015,5/29/15,EM_FWOR,WHWO,PEJ,EMFWOR_NCAMC7-06A_2015,NCAMC7-06A,U,EMFWOR_CAMC7,EMFWOR_CAMC7-06,328,50,730509.493,4676247.396,NAD83 10N,1.7,O,0,T,POTR5,10.6,37.5,191,322,2.8,
2019,7/9/19,EM_PAID,WHWO,AJL,EMPAID_NCC02A_2019,NCC02A,U,Incidental,Incidental,334,43,527103.888,4970488.882,NAD83 11N,1,N,2,S,PSMEG,1.5,47.8,126,230,2.8,
2020,6/10/20,EM_FWOR,WHWO,SMS,EMFWOR_NCAMC4-01A_2020,NCAMC4-01A,B,EMFWOR_CAMC4,EMFWOR_CAMC4-01,296,16,730397,4670730,NAD83 10N,1.7,N,2,S,POTR5,11.6,19.1,90,100,2.8,
2017,5/26/17,EM_FWOR,WHWO,JGD,EMFWOR_NCAMC5-01A_2017,NCAMC5-01A,U,EMFWOR_CAMC5,EMFWOR_CAMC5-01,16,15,731257.358,4673696.147,NAD83 10N,2.4,N,2,S,POTR5,9.5,33,198,5,2.6,
2018,6/14/18,EM_FWOR,WHWO,PAH,EMFWOR_NCAMC4-07A_2018,NCAMC4-07A,U,EMFWOR_CAMC4,EMFWOR_CAMC4-07,314,14,731201.49,4672312.908,NAD83 10N,1.7,O,0,T,POTR5,14.4,26.1,156,112,2.6,
2016,6/29/16,EM_FWOR,WHWO,LNY,EMFWOR_NCAMC4-10A_2016,NCAMC4-10A,U,EMFWOR_CAMC4,EMFWOR_CAMC4-10,166,35,732175.477,4672535.133,NAD83 10N,4.6,N,2,S,PIPO,27,90.5,359,103,2.5,
2020,6/18/20,EM_FWOR,WHWO,JAB,EMFWOR_NMUDT1-05A_2020,NMUDT1-05A,OBHT,EMFWOR_MUDT1,EMFWOR_MUDT1-05,108,18,728472,4683164,NAD83 10N,3.2,N,1,S,POTR5,9,28.5,324,305,2.5,
2021,6/30/21,EM_FWOR,WHWO,ALC,EMFWOR_NMUDT1-05A_2021,NMUDT1-05A,HTB,EMFWOR_MUDT1,EMFWOR_MUDT1-05,108,18,728472,4683164,NAD83 10N,3.2,O,1,S,POTR5,9,28.5,324,305,2.5,
2019,6/27/19,EM_MAOR,WHWO,DHK,EMMAOR_NCLIFFC2-08A_2019,NCLIFFC2-08A,U,EMMAOR_CLIFFC2,EMMAOR_CLIFFC2-08,58,32,375172.094,4876639.819,NAD83 11N,1.1,N,0,T,JUOC,12.6,33.3,251,244,2.5,
2015,6/10/15,EM_MAOR,WHWO,CJY,EMMAOR_NFLAGC1-08A_2015,NFLAGC1-08A,U,EMMAOR_FLAGC1,EMMAOR_FLAGC1-08,50,25,391266.276,4898481.279,NAD83 11N,9,N,2,S,PIPO,40,97.9,224,249,2.5,
2020,5/26/20,EM_FWOR,WHWO,JAB,EMFWOR_NCAMC4-09A_2020,NCAMC4-09A,U,EMFWOR_CAMC4,EMFWOR_CAMC4-09,358,20,731999,4672899,NAD83 10N,2.1,N,0,T,POTR5,16.6,30.8,220,262,2.5,
2014,5/29/14,EM_MAOR,WHWO,JGD,EMMAOR_NRATT1-02A_2014,NRATT1-02A,U,EMMAOR_RATT1,EMMAOR_RATT1-02,14,20,352672.231,4848710.037,NAD83 11N,3.3,N,2,T,JUOC,8,41.6,210,81,2.5,
2015,6/10/15,EM_MAOR,WHWO,JLN,EMMAOR_NFLAGC1-05A_2015,NFLAGC1-05A,U,EMMAOR_FLAGC1,EMMAOR_FLAGC1-05,308,28,390818.894,4898931.832,NAD83 11N,4,N,0,T,JUOC,13.4,88.4,145,42,2.5,
2016,6/27/16,EM_FWOR,WHWO,NSD,EMFWOR_NSWRC3-04A_2016,NSWRC3-04A,U,Incidental,Incidental,321,20,740281.912,4658618.442,NAD83 10N,1.35,N,2,S,POTR5,10.5,27.5,105,23,2.5,
2019,6/24/19,EM_MAOR,WHWO,MEW,EMMAOR_NSAGEC1-10A_2019,NSAGEC1-10A,U,EMMAOR_SAGEC1,EMMAOR_SAGEC1-10,251,35,329982.535,4856957.158,NAD83 11N,0.9,N,0,T,JUOC,10.4,35,75,96,2.5,
2019,6/13/19,EM_PAID,WHWO,JGD,EMPAID_NB-T06A_2019,NB-T06A,HB,EMPAID_B-T,EMPAID_T06,244,17,521845.712,4984278.545,NAD83 11N,5,N,2,S,PIPO,8.2,37.1,59,104,2.5,
2018,6/27/18,EM_FWOR,WHWO,MEB,EMFWOR_NCAMC4-10A_2018,NCAMC4-10A,U,EMFWOR_CAMC4,EMFWOR_CAMC4-10,248,35,732060.31,4672999.402,NAD83 10N,1.7,N,0,T,POTR5,9.5,27.4,32,89,2.5,
2014,6/24/14,EM_MAOR,WHWO,DJH,EMMAOR_NSAGEC1-09A_2014,NSAGEC1-09A,U,EMMAOR_SAGEC1,EMMAOR_SAGEC1-09,196,28,329620.997,4856923.561,NAD83 11N,1.4,N,2,T,JUOC,9.7,25,29,202,2.5,
2016,7/5/16,EM_MAOR,WHWO,ZEJ,EMMAOR_NCLIFFC1-08A_2016,NCLIFFC1-08A,U,EMMAOR_CLIFFC1,EMMAOR_CLIFFC1-08,192,36,373124.548,4880770.683,NAD83 11N,1.25,O,0,T,JUOC,6.3,27.3,26,64,2.5,
2017,6/15/17,EM_MAOR,WHWO,JRK,EMMAOR_NCLIFFC1-08B_2017,NCLIFFC1-08B,U,EMMAOR_CLIFFC1,EMMAOR_CLIFFC1-08,192,36,373124.548,4880770.683,NAD83 11N,1.25,O,0,T,JUOC,6.3,27.3,26,64,2.5,
2015,6/11/15,EM_MAOR,WHWO,CAS,EMMAOR_NSAGEC1-09A_2015,NSAGEC1-09A,U,EMMAOR_SAGEC1,EMMAOR_SAGEC1-09,196,24,329632.768,4856921.342,NAD83 11N,1.1,N,0,T,JUOC,9.1,26.1,18,202,2.5,
2014,6/5/14,EM_MAOR,WHWO,RLM,EMMAOR_NPAWT1-02A_2014,NPAWT1-02A,U,EMMAOR_PAWT1,EMMAOR_PAWT1-02,239,33,349189.458,4883270.837,NAD83 11N,3.4,N,2,S,PIPO,6.7,54,91,271,2.4,
2021,5/24/21,EM_MAOR,WHWO,CPL,EMMAOR_NPAWT1-03A_2021,NPAWT1-03A,HBT,EMMAOR_PAWT1,EMMAOR_PAWT1-03A,223,27,349078,4883312,NAD83 11N,1.15,N,1,S,PIPO,20.2,43.4,50,142,2.4,
2017,6/20/17,EM_MAOR,WHWO,JRK,EMMAOR_NRATT2-10A_2017,NRATT2-10A,U,EMMAOR_RATT2,EMMAOR_RATT2-10,172,17,351756.632,4844297.097,NAD83 11N,3.7,N,1,T,JUOC,14.4,50.7,350,210,2,
2019,6/24/19,EM_MAOR,WHWO,DHK,EMMAOR_NELKT3-03A_2019,NELKT3-03A,B,EMMAOR_ELKT3,EMMAOR_ELKT3-03,59,26,381550.143,4891495.527,NAD83 11N,2.3,N,3,S,PIPO,2.8,33.2,281,253,2,
2019,6/14/19,EM_MAOR,WHWO,TES,EMMAOR_NCLIFFC1-07A_2019,NCLIFFC1-07A,U,EMMAOR_CLIFFC1,EMMAOR_CLIFFC1-07,93,27,373282.571,4881225.709,NAD83 11N,3,N,2,S,PIPO,3.4,63.5,273,172,2,
2015,6/3/15,EM_MAOR,WHWO,CKL,EMMAOR_NPAWT1-04A_2015,NPAWT1-04A,U,EMMAOR_PAWT1,EMMAOR_PAWT1-04,93,74,349153.776,4883247.443,NAD83 11N,3.2,N,2,S,PIPO,5.1,61.1,259,188,2,
2014,6/10/14,EM_MAOR,WHWO,PEJ,EMMAOR_NFLAGC1-07A_2014,NFLAGC1-07A,U,EMMAOR_FLAGC1,EMMAOR_FLAGC1-07,14,35,391229.25,4899148.852,NAD83 11N,2.1,N,1,T,JUOC,7.6,111.9,197,34,2,
2016,6/27/16,EM_MAOR,WHWO,KNB,EMMAOR_NWOLFC1-03A_2016,NWOLFC1-03A,U,EMMAOR_WOLFC1,EMMAOR_WOLFC1-03,234,16,367317.396,4879557.212,NAD83 11N,5.1,N,2,S,PIPO,5.7,40.5,162,358,2,
2017,6/26/17,EM_MAOR,WHWO,LMH,EMMAOR_NPAWT1-03A_2017,NPAWT1-03A,H,EMMAOR_PAWT1,EMMAOR_PAWT1-03,348,37,349113.919,4883389.977,NAD83 11N,4.9,N,2,S,PIPO,16.5,54,155,30,2,
2019,6/6/19,EM_MAOR,WHWO,TES,EMMAOR_NWOLFC1-01A_2019,NWOLFC1-01A,U,EMMAOR_WOLFC1,EMMAOR_WOLFC1-01,315,32,366985.59,4880001.914,NAD83 11N,3.2,N,2,S,PIPO,6.2,36,154,220,2,
2019,6/28/19,EM_MAOR,WHWO,MEW,EMMAOR_NMDC1-01A_2019,NMDC1-01A,TBHB,Incidental,Incidental,292,48,344131.384,4855522.294,NAD83 11N,4.5,N,2,S,PIPO,8.1,21.3,114,290,2,
2018,5/11/18,EM_FWOR,WHWO,JGD,EMFWOR_NCAMC4-10B_2018,NCAMC4-10B,U,EMFWOR_CAMC4,EMFWOR_CAMC4-10,282,21,732577.857,4672536.684,NAD83 10N,2.5,N,2,S,POTR5,8,20.6,80,81,2,
2016,6/24/16,EM_FWOR,WHWO,JGD,EMFWOR_NLILT1-10A_2016,NLILT1-10A,U,EMFWOR_LILT1,EMFWOR_LILT1-10,238,35,730457.564,4700147.578,NAD83 10N,3.9,N,3,S,PIPO,4.2,74.3,65,18,2,
2019,5/30/19,EM_MAOR,WHWO,MEW,EMMAOR_NPAWT1-03A_2019,NPAWT1-03A,HTB,EMMAOR_PAWT1,EMMAOR_PAWT1-03,248,24,349073.75,4883410.961,NAD83 11N,1,N,1,S,PIPO,21,45.9,53,154,2,
2020,6/24/20,EM_FWOR,WHWO,JAB,EMFWOR_NSWRC3-04A_2020,NSWRC3-04A,U,Incidental,Incidental,210,20,740285,4658504,NAD83 10N,2.2,N,2,S,POTR5,2.8,24.2,48,56,2,
2015,6/25/15,EM_MAOR,WHWO,CJY,EMMAOR_NUPCA1-02A_2015,NUPCA1-02A,U,EMMAOR_UPCA1,EMMAOR_UPCA1-02,232,55,363800.171,4848821.734,NAD83 11N,2.8,N,2,S,PIPO,3.3,63.1,42,191,2,
2017,7/10/17,EM_FWOR,WHWO,SMM,EMFWOR_NCAMC4-10A_2017,NCAMC4-10A,U,EMFWOR_CAMC4,EMFWOR_CAMC4-10,259,10,732027.551,4672859.957,NAD83 10N,6.2,N,2,S,POTR5,9.5,35.6,39,79,2,
2019,6/27/19,EM_MAOR,WHWO,MEW,EMMAOR_NCLIFFC2-06A_2019,NCLIFFC2-06A,U,EMMAOR_CLIFFC2,EMMAOR_CLIFFC2-06,172,53,374460.998,4876877.559,NAD83 11N,1.8,N,2,S,PIPO,9.2,88.2,35,95,2,
2015,6/24/15,EM_MAOR,WHWO,CAS,EMMAOR_NCLIFFC1-07A_2015,NCLIFFC1-07A,U,EMMAOR_CLIFFC1,EMMAOR_CLIFFC1-07,235,35,373282.571,4881225.709,NAD83 11N,2.4,N,2,S,PIPO,3.4,63.5,12,172,2,
2015,6/29/15,EM_MAOR,WHWO,CKL,EMMAOR_NWOLFTB3-08A_2015,NWOLFTB3-08A,OT,EMMAOR_WOLFTB3,EMMAOR_WOLFTB3-08,259,34,365017.59,4883239.803,NAD83 11N,2.7,N,2,S,ABGR,6,77.1,346,15,1.75,
2019,6/4/19,EM_FWOR,WHWO,PAH,EMFWOR_NCAMC8-07A_2019,NCAMC8-07A,U,EMFWOR_CAMC8,EMFWOR_CAMC8-07,172,31,730403.539,4674257.705,NAD83 10N,1.8,O,2,S,POTR5,8.75,34.5,322,318,1.75,
2017,5/25/17,EM_FWOR,WHWO,REK,EMFWOR_NCAMC8-07A_2017,NCAMC8-07A,U,EMFWOR_CAMC8,EMFWOR_CAMC8-07,100,27,730403.539,4674257.705,NAD83 10N,1.8,N,2,S,POTR5,8.75,34.5,322,318,1.75,
2018,5/29/18,EM_FWOR,WHWO,MFG,EMFWOR_NCAMC8-07A_2018,NCAMC8-07A,U,EMFWOR_CAMC8,EMFWOR_CAMC8-07,100,27,730403.539,4674257.705,NAD83 10N,1.8,O,2,S,POTR5,8.75,34.5,322,318,1.75,
2015,5/26/15,EM_MAOR,WHWO,RLM,EMMAOR_NSAGEC1-10A_2015,NSAGEC1-10A,OHT,EMMAOR_SAGEC1,EMMAOR_SAGEC1-10,276,27,330814.221,4856070.314,NAD83 11N,0.8,N,3,S,PIPO,1.4,23.4,101,302,1.7,
2019,5/31/19,EM_MAOR,WHWO,REB,EMMAOR_NRATT2-10A_2019,NRATT2-10A,U,EMMAOR_RATT2,EMMAOR_RATT2-10,265,18,351709.674,4844259.953,NAD83 11N,1.9,N,1,S,PIPO,19.1,69.5,135,147,1.5,
2015,6/23/15,EM_MAOR,WHWO,CAS,EMMAOR_NELKT2-02A_2015,NELKT2-02A,U,EMMAOR_ELKT2,EMMAOR_ELKT2-02,315,56,387014.282,4892729.184,NAD83 11N,5.6,N,1,S,PIPO,11.5,35,100,185,1.5,
2017,6/6/17,EM_MAOR,WHWO,JRK,EMMAOR_NUPCB1-04A_2017,NUPCB1-04A,U,EMMAOR_UPCB1,EMMAOR_UPCB1-04,282,19,362519.688,4853667.145,NAD83 11N,2.2,N,0,T,PIPO,21.7,87.5,352,4,1,
2019,7/15/19,EM_FWOR,WHWO,DCI,EMFWOR_NCAMC8-09A_2019,NCAMC8-09A,U,EMFWOR_CAMC8,EMFWOR_CAMC8-09,108,34,730382.053,4674717.222,NAD83 10N,4,N,2,S,POTR5,9.8,30.4,322,276,1,
2018,5/8/18,EM_FWOR,WHWO,MFG,EMFWOR_NCAMC5-01A_2018,NCAMC5-01A,U,EMFWOR_CAMC5,EMFWOR_CAMC5-01,54,43,731242.445,4673678.932,NAD83 10N,7.3,N,0,T,POTR5,16,46.5,243,2,1,
2017,6/16/17,EM_MAOR,WHWO,JRK,EMMAOR_NDUGC1-05A_2017,NDUGC1-05A,U,EMMAOR_DUGC1,EMMAOR_DUGC1-05,85,32,391552.765,4895312.544,NAD83 11N,2.4,N,0,T,JUOC,7.3,45.9,238,242,1,
2016,6/23/16,EM_MAOR,WHWO,KNB,EMMAOR_NELKT2-04A_2016,NELKT2-04A,OHTB,Incidental,Incidental,30,29,384832.738,4890913.384,NAD83 11N,0.7,N,1,L,PIPO,1,71,207,210,1,Log length = 23.9m
2017,6/8/17,EM_MAOR,WHWO,NSM,EMMAOR_NELKT2-04A_2017,NELKT2-04A,OHTB,Incidental,Incidental,30,29,384832.738,4890913.384,NAD83 11N,0.7,O,1,L,PIPO,1,71,207,210,1,Log length = 23.9m
2019,6/4/19,EM_FWOR,WHWO,AAC,EMFWOR_NCAMC4-07A_2019,NCAMC4-07A,U,EMFWOR_CAMC4,EMFWOR_CAMC4-07,14,7,731273.206,4672499.492,NAD83 10N,3.9,N,1,S,POTR5,8.4,31.8,194,230,1,
2015,6/4/15,EM_FWOR,WHWO,CJY,EMFWOR_NCAMC5-01A_2015,NCAMC5-01A,U,EMFWOR_CAMC5,EMFWOR_CAMC5-01,326,25,731236.877,4673698.091,NAD83 10N,2.4,N,0,T,POTR5,12.3,36,136,10,1,
2017,6/26/17,EM_MAOR,WHWO,JRK,EMMAOR_NCLIFFC2-04A_2017,NCLIFFC2-04A,U,EMMAOR_CLIFFC2,EMMAOR_CLIFFC2-04,320,29,374052.527,4877547.94,NAD83 11N,1.5,O,0,T,JUOC,7.3,32,128,20,1,
2015,6/30/15,EM_MAOR,WHWO,CAS,EMMAOR_NPAWT1-07A_2015,NPAWT1-07A,U,EMMAOR_PAWT1,EMMAOR_PAWT1-07,214,46,348896.982,4882063.489,NAD83 11N,2,N,1,S,PIPO,17.2,35,12,141,1,
2015,6/17/15,EM_MAOR,WHWO,CAS,EMMAOR_NELKT2-06A_2015,NELKT2-06A,U,EMMAOR_ELKT2,EMMAOR_ELKT2-06,212,38,387958.405,4891880.336,NAD83 11N,2.2,N,1,T,JUOC,7.8,57.7,30,152,0.7,
2015,6/7/15,EM_MAOR,WHWO,CAS,EMMAOR_NCLIFFC2-07A_2015,NCLIFFC2-07A,U,EMMAOR_CLIFFC2,EMMAOR_CLIFFC2-07,108,21,374889.838,4876541.643,NAD83 11N,1.9,N,2,S,POTR5,2.9,37,286,144,0.5,
2017,6/27/17,EM_MAOR,WHWO,JHT,EMMAOR_NUPCA1-04A_2017,NUPCA1-04A,U,EMMAOR_UPCA1,EMMAOR_UPCA1-04,34,42,363814.907,4848613.578,NAD83 11N,1.7,U,0,T,JUOC,7.8,37.3,222,182,0.5,
2019,6/24/19,EM_MAOR,WHWO,MEW,EMMAOR_NSAGEC1-09A_2019,NSAGEC1-09A,U,EMMAOR_SAGEC1,EMMAOR_SAGEC1-09,213,111,329517.852,4857106.555,NAD83 11N,1.3,N,0,T,JUOC,8.6,47.9,9,50,0.3,
2020,6/2/20,EM_FWOR,WHWO,MEW,EMFWOR_NCAMC8-09A_2020,NCAMC8-09A,U,EMFWOR_CAMC8,EMFWOR_CAMC8-09,100,25,730393,4674912,NAD83 10N,2.4,O,1,S,POTR5,11.9,29.5,333,0,0,
2020,6/25/20,EM_FWOR,WHWO,MEW,EMFWOR_NCAMC7-06A_2020,NCAMC7-06A,U,EMFWOR_CAMC7,EMFWOR_CAMC7-06,97,29,730512,4676306,NAD83 10N,4,O,2,S,PIPO,13,74.2,330,0,0,
2017,6/7/17,EM_MAOR,WHWO,JRK,EMMAOR_NUPCA1-05A_2017,NUPCA1-05A,U,EMMAOR_UPCA1,EMMAOR_UPCA1-05,154,32,363865.878,4848256.718,NAD83 11N,8.6,N,2,S,PIPO,20.2,77.1,324,86,0,
2015,6/16/15,EM_MAOR,WHWO,JLN,EMMAOR_NWOLFC1-03A_2015,NWOLFC1-03A,U,EMMAOR_WOLFC1,EMMAOR_WOLFC1-03,91,47,367281.861,4879188.367,NAD83 11N,5.1,N,0,T,JUOC,12.8,61.9,266,110,0,
2020,6/2/20,EM_FWOR,WHWO,JGD,EMFWOR_NCAMC5-01A_2020,NCAMC5-01A,U,EMFWOR_CAMC5,EMFWOR_CAMC5-01,351,18,731252,4673876,NAD83 10N,1.5,N,3,S,POTR5,3.2,24.4,175,0,0,
2020,6/1/20,EM_FWOR,WHWO,JAB,EMFWOR_NCAMC3-08A_2020,NCAMC3-08A,U,EMFWOR_CAMC3,EMFWOR_CAMC3-08,262,43,736840,4672331,NAD83 10N,4.8,N,1,S,POTR5,14.8,39.3,102,0,0,
2019,6/28/19,EM_MAOR,WHWO,REB,EMMAOR_NUPCA1-05A_2019,NUPCA1-05A,U,EMMAOR_UPCA1,EMMAOR_UPCA1-05,268,56,363865.878,4848256.718,NAD83 11N,12.6,N,2,S,PIPO,20.2,77.1,65,86,0,
2011,5/23/12,R6_monitor,WHWO,,NTR6020401_2011,,9,TR602,TR602_04,175,20,672954,5299081,NAD83 10N,,,3,S,PIPO,3,52,,,,open PIPO forest
2013,6/28/13,R6_monitor,WHWO,JM,NTR6020401_2013,,9,TR602,TR602_04,999,999,672796,5299230,NAD83 10N,4.5,N,2,S,PIPO,9.5,55.9,100,225,999,
2015,6/6/15,R6_monitor,WHWO,JEM,NTR6020401_2015,,9,TR602,TR602_04,,,672942,5299099,NAD83 10N,2.5,9,3,S,PIPO,8,56,50,200,35,"entire transect TR603 burned in stand-replacing wildfire in 2014 Carlton Complex (256,108 ac); nest in burned area"
2013,6/13/13,R6_monitor,WHWO,JM,NTR6020701_2013,,9,TR602,TR602_07,999,999,673748,5299226,NAD83 10N,4.9,N,2,S,PSME,5.6,36.1,80,215,999,
2011,2011-99-99,R6_monitor,WHWO,,NTR6070201_2011,,9,TR607,TR607_02,999,999,648590,4812503,NAD83 10N,7.2,N,1,S,PIPO,28,90,125,,,
2012,6/6/12,R6_monitor,WHWO,MEE,NTR6079901_2012,,9,TR607,TR607_99,999,999,648807,4813786,NAD83 10N,2.6,,,S,PIPO,33,78.4,,,,
2012,6/21/12,R6_monitor,WHWO,MEE,NTR6079902_2012,,9,TR607,TR607_99,999,999,648690,4812518,NAD83 10N,10.8,,1,S,PIPO,27.5,72.8,193,,,
2012,6/5/12,R6_monitor,WHWO,MEE,NTR6121001_2012,,9,TR612,TR612_10,61,18,677545,4657744,NAD83 10N,,,,,ABCO,2.6,25,,,,"Found by MEE; after survey @ pt. 10 found a whwo male, followed it to its nest cavity. Female was in nest cav too."
2012,6/6/12,R6_monitor,WHWO,MEE,NTR6140901_2012,,9,TR614,TR614_09,,,648807,4813786,NAD83 10N,2.6,,,S,PIPO,33,78.4,,,,
2016,6/21/16,R6_monitor,WHWO,CLB,NTR6150301_2016,,9,TR615,TR615_03,9,101,632600,4762789,NAD83 10N,1.5,,4,S,PIPO,3.2,80,,210,3,"had no DBH tape, tree diameter estimated"
2011,2011-99-99,R6_monitor,WHWO,,NTR6160101_2011,,9,TR616,TR616_01,999,999,,,,,,,,,,,,,,
2011,2011-99-99,R6_monitor,WHWO,,NTR6160801_2011,,9,TR616,TR616_08,999,999,,,,,,,,,,,,,,
2012,6/13/12,R6_monitor,WHWO,EJJ,NTR6170901_2012,,9,TR617,TR617_09,158,52,613493,4740609,NAD83 10N,1.5,,,,,2.5,18,,,,
2011,2011-99-99,R6_monitor,WHWO,,NTR6171001_2011,,9,TR617,TR617_10,999,999,,,,,,,,,,,,,,
2011,2011-99-99,R6_monitor,WHWO,,NTR6171002_2011,,9,TR617,TR617_10,999,999,,,,,,,,,,,,,,
2013,2013-99-99,R6_monitor,WHWO,EJJ,NTR6180101_2013,,9,TR618,TR618_01,158,37,,,,,,2,,PIPO,,,,,,
2014,6/19/14,R6_monitor,WHWO,RDJ,NTR6190801_2014,,9,TR619,TR619_08,,,376148,4944053,NAD83 11N,,,3,S,PIPO,2,33,,,,
2011,6/13/11,R6_monitor,WHWO,MB,NTR6210201_2011,,9,TR621,TR621_02,,,341393,4849439,NAD83 11N,5,U,2,S,PIPO,5.1,74,239,254,6,
2011,6/29/11,R6_monitor,WHWO,MB,NTR6210901_2011,,9,TR621,TR621_09,,,343217,4848266,NAD83 11N,1,U,0,T,JUOC,5.4,42,238,118,8,
2014,6/12/14,R6_monitor,WHWO,RDJ,NTR6290501_2014,,9,TR629,TR629_05,,,341599,4981439,NAD83 11N,,,2,S,PIPO,6.1,33.6,,,,
2011,6/15/11,R6_monitor,WHWO,MB,NTR6300901_2011,,9,TR630,TR630_09,184,26,337357,4938293,NAD83 11N,7,9,2,S,PIPO,9,91,105,186,21.8,
2012,7/3/12,R6_monitor,WHWO,JEAG,NTR6300901_2012,,9,TR630,TR630_09,124,150,337357,4938293,NAD83 11N,7,9,2,S,PIPO,9,91,186,186,21.8,
2012,6/14/12,R6_monitor,WHWO,JEAG,NTR6470501_2012,,9,TR647,TR647_05,315,121,350101,4884243,NAD83 11N,21,9,1,S,PIPO,29,69,135,225,,
2011,6/7/11,P_Falls,WHWO,KEP,PFLM_NG3G1_2011,G1,9,PFLM_G,PFLM_G3,268,45,605772.761,4848405.457,NAD83 10N,23,N,2,S,PIPO,24,68,88,148,7,
2011,6/28/11,P_Falls,WISA,AGD,PFLM_NG3G2_2011,G2,9,PFLM_G,PFLM_G3,93,31,605704.32,4848229.221,NAD83 10N,25,N,2,T,ABGR,29,101,273,225,8,
2011,6/8/11,P_Falls,RBSA,KEP,PFLM_NI5I1_2011,I1,9,PFLM_I,PFLM_I5,86,25,606053.096,4848676.7,NAD83 10N,28,N,,S,ABIES,30,,256,,,
2011,6/28/11,P_Falls,WISA,JRK,PFLM_NN19N1_2011,N1,9,PFLM_,PFLM_19,152,20,607074.891,4850502.672,NAD83 10N,20,N,1,S,PIPO,34,90,340,116,4,
2011,6/10/11,P_Falls,HAWO,RSS,PFLM_NN21M1_2011,M1,9,PFLM_M,PFLM_21,136,38,607033.051,4849419.984,NAD83 10N,14,N,,S,PIPO,15,,300,,,
2011,6/6/11,P_Falls,HAWO,KEP,PFLM_NO24P1_2011,P1,9,PFLM_P,PFLM_O24,236,30,607495.755,4848830.24,NAD83 10N,7.5,N,,S,PIPO,8,,40,,,
2011,6/17/11,P_Falls,WISA,RSS,PFLM_NQ35P2_2011,P2,9,PFLM_P,PFLM_Q35,15,20,607532.118,4848281.04,NAD83 10N,7,N,,S,PIPO,19,,177,,,
2011,6/7/11,P_Falls,HAWO,KEP,PFLM_NQ35R2_2011,R2,9,PFLM_R,PFLM_Q35,196,25,607861.963,4848571.763,NAD83 10N,12.5,N,,S,PICO,13,,18,,,
2011,6/14/11,P_Falls,NOFL,JRK,PFLM_NR36S1_2011,S1,9,PFLM_S,PFLM_R36,292,20,608140.608,4851790.446,NAD83 10N,40,N,,S,ABGR,41,,102,,,
2011,6/3/11,P_Falls,HAWO,RSS,PFLM_NR39R1_2011,R1,9,PFLM_R,PFLM_R39,190,30,607898.137,4849033.347,NAD83 10N,12,N,,S,PIPO,20,,52,,,
2011,6/1/11,P_Falls,RNSA,KEP,PFWB_NC1C1_2011,C1,9,PFWB_C,PFWB_C1,238,20,607596.385,4854839.098,NAD83 10N,10,N,,S,ABGR,15,,246,,,
2011,6/6/11,P_Falls,PIWO,RSS,PFWB_NC2A1_2011,A1,9,PFWB_A,PFWB_C2,34,14,607081.942,4854271.126,NAD83 10N,9.5,N,,S,PIPO,10,,236,,,
2011,6/7/11,P_Falls,WISA,JRK,PFWB_ND3D1_2011,D1,9,PFWB_D,PFWB_D3,244,10,607836.136,4854905.786,NAD83 10N,30,U,,S,PIPO,33,,38,,,
2011,7/1/11,P_Falls,WISA,KEP,PFWB_NF11F2_2011,F2,9,PFWB_F,PFWB_F11,292,18,608216.321,4854521.535,NAD83 10N,26,N,1,S,PIPO,36,98,100,144,4,
2011,6/13/11,P_Falls,HAWO,AGD,PFWB_NG12F1_2011,F1,9,PFWB_F,PFWB_G12,168,30,608302.816,4854737.879,NAD83 10N,50,N,,S,PIPO,52,,229,,,
2011,5/24/11,P_Falls,WISA,RSS,PFWB_NG14G1_2011,G1,9,PFWB_G,PFWB_G14,282,15,608402.297,4853935.611,NAD83 10N,18,N,1,S,ABGR,38,68,85,58,5,
2011,6/9/11,P_Falls,NOFL,JRK,PFWB_NH15H1_2011,H1,9,PFWB_H,PFWB_H15,18,25,608619.381,4856319.495,NAD83 10N,14,U,,S,PIPO,15,,198,,,
2011,6/3/11,P_Falls,NOFL,JRK,PFWB_NI2011I1_2011,I1,9,PFWB_I,PFWB_I20,220,40,608738.897,4854732.651,NAD83 10N,15,N,,S,PIPO,20,,40,,,
2011,6/3/11,P_Falls,RBSA,JRK,PFWB_NI2011I2_2011,I2,9,PFWB_I,PFWB_I20,0,15,608846.553,4854727.718,NAD83 10N,16,N,,S,PIPO,20,,176,,,
2011,6/3/11,P_Falls,WISA,JRK,PFWB_NJ22J1_2011,J1,9,PFWB_J,PFWB_J22,276,60,609012.583,4856400.508,NAD83 10N,25,N,,S,PIPO,26,72,98,336,4,
2011,7/6/11,P_Falls,WISA,RSS,PFWB_NJ25J2_2011,J2,9,PFWB_J,PFWB_J25,220,13,609013.862,4855291.477,NAD83 10N,22,N,,S,PIPO,25,77,2,140,4,
2011,7/1/11,P_Falls,WISA,AGD,PFWB_NM34M1_2011,M1,9,PFWB_M,PFWB_M34,265,20,609660.863,4855962.19,NAD83 10N,16,N,2,S,PIPO,19,77,70,114,10,
2011,6/2/11,P_Falls,WISA,KEP,PFWB_NM36L1_2011,L1,9,PFWB_L,PFWB_M36,278,30,609368.277,4855003.763,NAD83 10N,20,N,2,S,PIPO,34,70,98,220,2.9,
2011,6/29/11,P_Falls,WISA,KEP,PFWB_NO43O1_2011,O1,9,PFWB_O,PFWB_O43,244,13,610052.94,4854901.576,NAD83 10N,10,N,2,S,PIPO,33,119,122,59,9,